Genotype_code,Loc.Year.Treat
EB.09S.H.00002,BLOIS_2014_OPT
EB.09S.H.00004,BLOIS_2014_OPT
EB.09S.H.00005,BLOIS_2014_OPT
EB.09S.H.00007,BLOIS_2014_OPT
EB.09S.H.00008,BLOIS_2014_OPT
EB.09S.H.00009,BLOIS_2014_OPT
EB.09S.H.00015,BLOIS_2014_OPT
EB.09S.H.00016,BLOIS_2014_OPT
EB.09S.H.00017,BLOIS_2014_OPT
EB.09S.H.00019,BLOIS_2014_OPT
EB.09S.H.00027,BLOIS_2014_OPT
EB.09S.H.00030,BLOIS_2014_OPT
EB.09S.H.00039,BLOIS_2014_OPT
EB.09S.H.00040,BLOIS_2014_OPT
EB.09S.H.00041,BLOIS_2014_OPT
EB.09S.H.00043,BLOIS_2014_OPT
EB.09S.H.00044,BLOIS_2014_OPT
EB.09S.H.00045,BLOIS_2014_OPT
EB.09S.H.00046,BLOIS_2014_OPT
EB.09S.H.00048,BLOIS_2014_OPT
EB.09S.H.00049,BLOIS_2014_OPT
EB.09S.H.00052,BLOIS_2014_OPT
EB.09S.H.00054,BLOIS_2014_OPT
EB.09S.H.00061,BLOIS_2014_OPT
EB.09S.H.00064,BLOIS_2014_OPT
EB.09S.H.00065,BLOIS_2014_OPT
EB.09S.H.00071,BLOIS_2014_OPT
EB.09S.H.00072,BLOIS_2014_OPT
EB.09S.H.00074,BLOIS_2014_OPT
EB.09S.H.00076,BLOIS_2014_OPT
EB.09S.H.00080,BLOIS_2014_OPT
EB.09S.H.00081,BLOIS_2014_OPT
EB.09S.H.00083,BLOIS_2014_OPT
EB.09S.H.00084,BLOIS_2014_OPT
EB.09S.H.00086,BLOIS_2014_OPT
EB.09S.H.00087,BLOIS_2014_OPT
EB.09S.H.00093,BLOIS_2014_OPT
EB.09S.H.00094,BLOIS_2014_OPT
EB.09S.H.00097,BLOIS_2014_OPT
EB.09S.H.00098,BLOIS_2014_OPT
EB.09S.H.00100,BLOIS_2014_OPT
EB.09S.H.00101,BLOIS_2014_OPT
EB.09S.H.00106,BLOIS_2014_OPT
EB.09S.H.00107,BLOIS_2014_OPT
EB.09S.H.00108,BLOIS_2014_OPT
EB.09S.H.00111,BLOIS_2014_OPT
EB.09S.H.00112,BLOIS_2014_OPT
EB.09S.H.00114,BLOIS_2014_OPT
EB.09S.H.00116,BLOIS_2014_OPT
EB.09S.H.00118,BLOIS_2014_OPT
EB.09S.H.00122,BLOIS_2014_OPT
EB.09S.H.00130,BLOIS_2014_OPT
EB.09S.H.00132,BLOIS_2014_OPT
EB.09S.H.00133,BLOIS_2014_OPT
EB.09S.H.00135,BLOIS_2014_OPT
EB.09S.H.00136,BLOIS_2014_OPT
EB.09S.H.00142,BLOIS_2014_OPT
EB.09S.H.00144,BLOIS_2014_OPT
EB.09S.H.00145,BLOIS_2014_OPT
EB.09S.H.00149,BLOIS_2014_OPT
EB.09S.H.00155,BLOIS_2014_OPT
EB.09S.H.00157,BLOIS_2014_OPT
EB.09S.H.00160,BLOIS_2014_OPT
EB.09S.H.00161,BLOIS_2014_OPT
EB.09S.H.00168,BLOIS_2014_OPT
EB.09S.H.00171,BLOIS_2014_OPT
EB.09S.H.00172,BLOIS_2014_OPT
EB.09S.H.00175,BLOIS_2014_OPT
EB.09S.H.00178,BLOIS_2014_OPT
EB.09S.H.00179,BLOIS_2014_OPT
EB.09S.H.00183,BLOIS_2014_OPT
EB.09S.H.00185,BLOIS_2014_OPT
EB.09S.H.00188,BLOIS_2014_OPT
EB.09S.H.00191,BLOIS_2014_OPT
EB.09S.H.00192,BLOIS_2014_OPT
EB.09S.H.00193,BLOIS_2014_OPT
EB.09S.H.00194,BLOIS_2014_OPT
EB.09S.H.00198,BLOIS_2014_OPT
EB.09S.H.00199,BLOIS_2014_OPT
EB.09S.H.00201,BLOIS_2014_OPT
EB.09S.H.00204,BLOIS_2014_OPT
EB.09S.H.00205,BLOIS_2014_OPT
EB.09S.H.00209,BLOIS_2014_OPT
EB.09S.H.00216,BLOIS_2014_OPT
EB.09S.H.00223,BLOIS_2014_OPT
EB.09S.H.00224,BLOIS_2014_OPT
EB.09S.H.00225,BLOIS_2014_OPT
EB.09S.H.00226,BLOIS_2014_OPT
EB.09S.H.00232,BLOIS_2014_OPT
EB.09S.H.00235,BLOIS_2014_OPT
EB.09S.H.00238,BLOIS_2014_OPT
EB.09S.H.00240,BLOIS_2014_OPT
EB.09S.H.00242,BLOIS_2014_OPT
EB.09S.H.00243,BLOIS_2014_OPT
EB.09S.H.00245,BLOIS_2014_OPT
EB.09S.H.00246,BLOIS_2014_OPT
EB.09S.H.00250,BLOIS_2014_OPT
EB.09S.H.00251,BLOIS_2014_OPT
EB.09S.H.00253,BLOIS_2014_OPT
EB.09S.H.00254,BLOIS_2014_OPT
EB.09S.H.00257,BLOIS_2014_OPT
EB.09S.H.00263,BLOIS_2014_OPT
EB.09S.H.00264,BLOIS_2014_OPT
EB.09S.H.00265,BLOIS_2014_OPT
EB.09S.H.00266,BLOIS_2014_OPT
EB.09S.H.00267,BLOIS_2014_OPT
EB.09S.H.00273,BLOIS_2014_OPT
EB.09S.H.00277,BLOIS_2014_OPT
EB.09S.H.00278,BLOIS_2014_OPT
EB.09S.H.00283,BLOIS_2014_OPT
EB.09S.H.00284,BLOIS_2014_OPT
EB.09S.H.00287,BLOIS_2014_OPT
EB.09S.H.00290,BLOIS_2014_OPT
EB.09S.H.00291,BLOIS_2014_OPT
EB.09S.H.00292,BLOIS_2014_OPT
EB.09S.H.00294,BLOIS_2014_OPT
EB.09S.H.00297,BLOIS_2014_OPT
EB.09S.H.00300,BLOIS_2014_OPT
EB.09S.H.00306,BLOIS_2014_OPT
EB.09S.H.00309,BLOIS_2014_OPT
EB.09S.H.00315,BLOIS_2014_OPT
EB.09S.H.00316,BLOIS_2014_OPT
EB.09S.H.00318,BLOIS_2014_OPT
EB.09S.H.00322,BLOIS_2014_OPT
EB.09S.H.00325,BLOIS_2014_OPT
EB.09S.H.00326,BLOIS_2014_OPT
EB.09S.H.00328,BLOIS_2014_OPT
EB.09S.H.00329,BLOIS_2014_OPT
EB.09S.H.00331,BLOIS_2014_OPT
EB.09S.H.00334,BLOIS_2014_OPT
EB.09S.H.00335,BLOIS_2014_OPT
EB.09S.H.00336,BLOIS_2014_OPT
EB.09S.H.00340,BLOIS_2014_OPT
EB.09S.H.00341,BLOIS_2014_OPT
EB.09S.H.00348,BLOIS_2014_OPT
EB.09S.H.00349,BLOIS_2014_OPT
EB.09S.H.00352,BLOIS_2014_OPT
EB.09S.H.00353,BLOIS_2014_OPT
EB.09S.H.00356,BLOIS_2014_OPT
EB.09S.H.00357,BLOIS_2014_OPT
EB.09S.H.00359,BLOIS_2014_OPT
EB.09S.H.00360,BLOIS_2014_OPT
EB.09S.H.00362,BLOIS_2014_OPT
EB.09S.H.00364,BLOIS_2014_OPT
EB.09S.H.00368,BLOIS_2014_OPT
EB.09S.H.00372,BLOIS_2014_OPT
EB.09S.H.00373,BLOIS_2014_OPT
EB.09S.H.00374,BLOIS_2014_OPT
EB.09S.H.00377,BLOIS_2014_OPT
EB.09S.H.00378,BLOIS_2014_OPT
EB.09S.H.00382,BLOIS_2014_OPT
EB.09S.H.00383,BLOIS_2014_OPT
EB.09S.H.00385,BLOIS_2014_OPT
EB.09S.H.00388,BLOIS_2014_OPT
EB.09S.H.00389,BLOIS_2014_OPT
EB.09S.H.00390,BLOIS_2014_OPT
EB.09S.H.00393,BLOIS_2014_OPT
EB.09S.H.00394,BLOIS_2014_OPT
EB.09S.H.00398,BLOIS_2014_OPT
EB.09S.H.00399,BLOIS_2014_OPT
EB.09S.H.00402,BLOIS_2014_OPT
EB.09S.H.00404,BLOIS_2014_OPT
EB.09S.H.00407,BLOIS_2014_OPT
EB.09S.H.00409,BLOIS_2014_OPT
EB.09S.H.00410,BLOIS_2014_OPT
EB.09S.H.00413,BLOIS_2014_OPT
EB.09S.H.00414,BLOIS_2014_OPT
EB.09S.H.00416,BLOIS_2014_OPT
EB.09S.H.00417,BLOIS_2014_OPT
EB.09S.H.00418,BLOIS_2014_OPT
EB.09S.H.00419,BLOIS_2014_OPT
EB.09S.H.00421,BLOIS_2014_OPT
EB.09S.H.00424,BLOIS_2014_OPT
EB.09S.H.00425,BLOIS_2014_OPT
EB.09S.H.00426,BLOIS_2014_OPT
EB.09S.H.00427,BLOIS_2014_OPT
EB.09S.H.00429,BLOIS_2014_OPT
EB.09S.H.00433,BLOIS_2014_OPT
EB.09S.H.00436,BLOIS_2014_OPT
EB.09S.H.00439,BLOIS_2014_OPT
EB.09S.H.00444,BLOIS_2014_OPT
EB.09S.H.00445,BLOIS_2014_OPT
EB.09S.H.00446,BLOIS_2014_OPT
EB.09S.H.00448,BLOIS_2014_OPT
EB.09S.H.00451,BLOIS_2014_OPT
EB.09S.H.00453,BLOIS_2014_OPT
EB.09S.H.00454,BLOIS_2014_OPT
EB.09S.H.00455,BLOIS_2014_OPT
EB.09S.H.00457,BLOIS_2014_OPT
EB.09S.H.00465,BLOIS_2014_OPT
EB.09S.H.00469,BLOIS_2014_OPT
EB.09S.H.00471,BLOIS_2014_OPT
EB.09S.H.00472,BLOIS_2014_OPT
EB.09S.H.00474,BLOIS_2014_OPT
EB.09S.H.00476,BLOIS_2014_OPT
EB.09S.H.00477,BLOIS_2014_OPT
EB.09S.H.00480,BLOIS_2014_OPT
EB.09S.H.00481,BLOIS_2014_OPT
EB.09S.H.00482,BLOIS_2014_OPT
EB.09S.H.00484,BLOIS_2014_OPT
EB.09S.H.00485,BLOIS_2014_OPT
EB.09S.H.00488,BLOIS_2014_OPT
EB.09S.H.00493,BLOIS_2014_OPT
EB.09S.H.00496,BLOIS_2014_OPT
EB.09S.H.00498,BLOIS_2014_OPT
EB.09S.H.00500,BLOIS_2014_OPT
EB.09S.H.00502,BLOIS_2014_OPT
EB.09S.H.00504,BLOIS_2014_OPT
EB.09S.H.00506,BLOIS_2014_OPT
EB.09S.H.00507,BLOIS_2014_OPT
EB.09S.H.00509,BLOIS_2014_OPT
EB.09S.H.00512,BLOIS_2014_OPT
EB.09S.H.00513,BLOIS_2014_OPT
EB.09S.H.00518,BLOIS_2014_OPT
EB.09S.H.00519,BLOIS_2014_OPT
EB.09S.H.00520,BLOIS_2014_OPT
EB.09S.H.00522,BLOIS_2014_OPT
EB.09S.H.00523,BLOIS_2014_OPT
EB.09S.H.00524,BLOIS_2014_OPT
EB.09S.H.00525,BLOIS_2014_OPT
EB.09S.H.00530,BLOIS_2014_OPT
EB.10H.H.00005,BLOIS_2014_OPT
EB.10H.H.00006,BLOIS_2014_OPT
EB.10H.H.00007,BLOIS_2014_OPT
EB.10H.H.00018,BLOIS_2014_OPT
EB.10H.H.00020,BLOIS_2014_OPT
EB.10H.H.00021,BLOIS_2014_OPT
EB.10H.H.00023,BLOIS_2014_OPT
EB.10H.H.00025,BLOIS_2014_OPT
EB.10H.H.00029,BLOIS_2014_OPT
EB.10H.H.00030,BLOIS_2014_OPT
EB.10H.H.00031,BLOIS_2014_OPT
EB.10H.H.00032,BLOIS_2014_OPT
EB.10H.H.00034,BLOIS_2014_OPT
EB.10H.H.00036,BLOIS_2014_OPT
EB.10H.H.00037,BLOIS_2014_OPT
EB.10H.H.00038,BLOIS_2014_OPT
EB.10H.H.00040,BLOIS_2014_OPT
EB.10H.H.00041,BLOIS_2014_OPT
EB.10H.H.00043,BLOIS_2014_OPT
EB.10H.H.00045,BLOIS_2014_OPT
EB.10H.H.00046,BLOIS_2014_OPT
EB.10H.H.00047,BLOIS_2014_OPT
EB.10H.H.00050,BLOIS_2014_OPT
EB.10H.H.00051,BLOIS_2014_OPT
EB.10H.H.00052,BLOIS_2014_OPT
EB.10H.H.00053,BLOIS_2014_OPT
EB.10H.H.00055,BLOIS_2014_OPT
EB.10H.H.00056,BLOIS_2014_OPT
EB.10H.H.00058,BLOIS_2014_OPT
EB.10H.H.00060,BLOIS_2014_OPT
EB.10H.H.00061,BLOIS_2014_OPT
EB.10H.H.00062,BLOIS_2014_OPT
EB.10H.H.00063,BLOIS_2014_OPT
EB.10H.H.00064,BLOIS_2014_OPT
EB.10H.H.00067,BLOIS_2014_OPT
EB.10H.H.00075,BLOIS_2014_OPT
EB.10H.H.00076,BLOIS_2014_OPT
EB.10H.H.00077,BLOIS_2014_OPT
EB.10H.H.00078,BLOIS_2014_OPT
EB.10H.H.00079,BLOIS_2014_OPT
EB.10H.H.00081,BLOIS_2014_OPT
EB.10H.H.00083,BLOIS_2014_OPT
EB.10H.H.00085,BLOIS_2014_OPT
EB.10H.H.00087,BLOIS_2014_OPT
EB.10H.H.00095,BLOIS_2014_OPT
EB.10H.H.00096,BLOIS_2014_OPT
EB.10H.H.00097,BLOIS_2014_OPT
EB.10H.H.00098,BLOIS_2014_OPT
EB.10H.H.00099,BLOIS_2014_OPT
EB.10H.H.00104,BLOIS_2014_OPT
EB.10H.H.00106,BLOIS_2014_OPT
EB.10H.H.00111,BLOIS_2014_OPT
EB.10H.H.00114,BLOIS_2014_OPT
EB.10H.H.00115,BLOIS_2014_OPT
EB.10H.H.00117,BLOIS_2014_OPT
EB.10H.H.00122,BLOIS_2014_OPT
EB.10H.H.00126,BLOIS_2014_OPT
EB.10H.H.00128,BLOIS_2014_OPT
EB.10H.H.00131,BLOIS_2014_OPT
EB.10H.H.00135,BLOIS_2014_OPT
EB.10H.H.00137,BLOIS_2014_OPT
EB.10H.H.00139,BLOIS_2014_OPT
EB.10H.H.00141,BLOIS_2014_OPT
EB.10H.H.00143,BLOIS_2014_OPT
EB.10H.H.00146,BLOIS_2014_OPT
EB.10H.H.00147,BLOIS_2014_OPT
EB.10H.H.00148,BLOIS_2014_OPT
EB.10H.H.00149,BLOIS_2014_OPT
EB.10H.H.00151,BLOIS_2014_OPT
EB.09S.H.00063,BLOIS_2014_OPT
EB.09S.H.00079,BLOIS_2014_OPT
EB.09S.H.00090,BLOIS_2014_OPT
EB.09S.H.00115,BLOIS_2014_OPT
EB.09S.H.00134,BLOIS_2014_OPT
EB.09S.H.00169,BLOIS_2014_OPT
EB.09S.H.00195,BLOIS_2014_OPT
EB.09S.H.00208,BLOIS_2014_OPT
EB.09S.H.00355,BLOIS_2014_OPT
EB.09S.H.00370,BLOIS_2014_OPT
EB.09S.H.00415,BLOIS_2014_OPT
EB.09S.H.00442,BLOIS_2014_OPT
EB.09S.H.00460,BLOIS_2014_OPT
EB.09S.H.00492,BLOIS_2014_OPT
EB.10H.H.00024,BLOIS_2014_OPT
EB.10H.H.00028,BLOIS_2014_OPT
EB.10H.H.00071,BLOIS_2014_OPT
EB.10H.H.00092,BLOIS_2014_OPT
EB.10H.H.00144,BLOIS_2014_OPT
EB.09S.H.00003,BLOIS_2017_OPT
EB.09S.H.00004,BLOIS_2017_OPT
EB.09S.H.00005,BLOIS_2017_OPT
EB.09S.H.00007,BLOIS_2017_OPT
EB.09S.H.00008,BLOIS_2017_OPT
EB.09S.H.00009,BLOIS_2017_OPT
EB.09S.H.00015,BLOIS_2017_OPT
EB.09S.H.00016,BLOIS_2017_OPT
EB.09S.H.00017,BLOIS_2017_OPT
EB.09S.H.00019,BLOIS_2017_OPT
EB.09S.H.00027,BLOIS_2017_OPT
EB.09S.H.00030,BLOIS_2017_OPT
EB.09S.H.00039,BLOIS_2017_OPT
EB.09S.H.00040,BLOIS_2017_OPT
EB.09S.H.00041,BLOIS_2017_OPT
EB.09S.H.00043,BLOIS_2017_OPT
EB.09S.H.00044,BLOIS_2017_OPT
EB.09S.H.00046,BLOIS_2017_OPT
EB.09S.H.00048,BLOIS_2017_OPT
EB.09S.H.00049,BLOIS_2017_OPT
EB.09S.H.00052,BLOIS_2017_OPT
EB.09S.H.00054,BLOIS_2017_OPT
EB.09S.H.00061,BLOIS_2017_OPT
EB.09S.H.00064,BLOIS_2017_OPT
EB.09S.H.00065,BLOIS_2017_OPT
EB.09S.H.00071,BLOIS_2017_OPT
EB.09S.H.00072,BLOIS_2017_OPT
EB.09S.H.00073,BLOIS_2017_OPT
EB.09S.H.00074,BLOIS_2017_OPT
EB.09S.H.00076,BLOIS_2017_OPT
EB.09S.H.00080,BLOIS_2017_OPT
EB.09S.H.00081,BLOIS_2017_OPT
EB.09S.H.00083,BLOIS_2017_OPT
EB.09S.H.00084,BLOIS_2017_OPT
EB.09S.H.00086,BLOIS_2017_OPT
EB.09S.H.00087,BLOIS_2017_OPT
EB.09S.H.00091,BLOIS_2017_OPT
EB.09S.H.00093,BLOIS_2017_OPT
EB.09S.H.00097,BLOIS_2017_OPT
EB.09S.H.00098,BLOIS_2017_OPT
EB.09S.H.00100,BLOIS_2017_OPT
EB.09S.H.00101,BLOIS_2017_OPT
EB.09S.H.00106,BLOIS_2017_OPT
EB.09S.H.00107,BLOIS_2017_OPT
EB.09S.H.00108,BLOIS_2017_OPT
EB.09S.H.00111,BLOIS_2017_OPT
EB.09S.H.00112,BLOIS_2017_OPT
EB.09S.H.00114,BLOIS_2017_OPT
EB.09S.H.00116,BLOIS_2017_OPT
EB.09S.H.00118,BLOIS_2017_OPT
EB.09S.H.00122,BLOIS_2017_OPT
EB.09S.H.00130,BLOIS_2017_OPT
EB.09S.H.00132,BLOIS_2017_OPT
EB.09S.H.00133,BLOIS_2017_OPT
EB.09S.H.00135,BLOIS_2017_OPT
EB.09S.H.00136,BLOIS_2017_OPT
EB.09S.H.00140,BLOIS_2017_OPT
EB.09S.H.00142,BLOIS_2017_OPT
EB.09S.H.00144,BLOIS_2017_OPT
EB.09S.H.00145,BLOIS_2017_OPT
EB.09S.H.00149,BLOIS_2017_OPT
EB.09S.H.00155,BLOIS_2017_OPT
EB.09S.H.00157,BLOIS_2017_OPT
EB.09S.H.00160,BLOIS_2017_OPT
EB.09S.H.00161,BLOIS_2017_OPT
EB.09S.H.00165,BLOIS_2017_OPT
EB.09S.H.00168,BLOIS_2017_OPT
EB.09S.H.00171,BLOIS_2017_OPT
EB.09S.H.00172,BLOIS_2017_OPT
EB.09S.H.00175,BLOIS_2017_OPT
EB.09S.H.00178,BLOIS_2017_OPT
EB.09S.H.00179,BLOIS_2017_OPT
EB.09S.H.00185,BLOIS_2017_OPT
EB.09S.H.00188,BLOIS_2017_OPT
EB.09S.H.00191,BLOIS_2017_OPT
EB.09S.H.00192,BLOIS_2017_OPT
EB.09S.H.00194,BLOIS_2017_OPT
EB.09S.H.00198,BLOIS_2017_OPT
EB.09S.H.00199,BLOIS_2017_OPT
EB.09S.H.00201,BLOIS_2017_OPT
EB.09S.H.00204,BLOIS_2017_OPT
EB.09S.H.00205,BLOIS_2017_OPT
EB.09S.H.00209,BLOIS_2017_OPT
EB.09S.H.00223,BLOIS_2017_OPT
EB.09S.H.00224,BLOIS_2017_OPT
EB.09S.H.00225,BLOIS_2017_OPT
EB.09S.H.00226,BLOIS_2017_OPT
EB.09S.H.00232,BLOIS_2017_OPT
EB.09S.H.00235,BLOIS_2017_OPT
EB.09S.H.00238,BLOIS_2017_OPT
EB.09S.H.00240,BLOIS_2017_OPT
EB.09S.H.00242,BLOIS_2017_OPT
EB.09S.H.00243,BLOIS_2017_OPT
EB.09S.H.00245,BLOIS_2017_OPT
EB.09S.H.00246,BLOIS_2017_OPT
EB.09S.H.00250,BLOIS_2017_OPT
EB.09S.H.00251,BLOIS_2017_OPT
EB.09S.H.00253,BLOIS_2017_OPT
EB.09S.H.00254,BLOIS_2017_OPT
EB.09S.H.00257,BLOIS_2017_OPT
EB.09S.H.00263,BLOIS_2017_OPT
EB.09S.H.00264,BLOIS_2017_OPT
EB.09S.H.00265,BLOIS_2017_OPT
EB.09S.H.00266,BLOIS_2017_OPT
EB.09S.H.00267,BLOIS_2017_OPT
EB.09S.H.00273,BLOIS_2017_OPT
EB.09S.H.00278,BLOIS_2017_OPT
EB.09S.H.00283,BLOIS_2017_OPT
EB.09S.H.00287,BLOIS_2017_OPT
EB.09S.H.00290,BLOIS_2017_OPT
EB.09S.H.00291,BLOIS_2017_OPT
EB.09S.H.00292,BLOIS_2017_OPT
EB.09S.H.00294,BLOIS_2017_OPT
EB.09S.H.00297,BLOIS_2017_OPT
EB.09S.H.00300,BLOIS_2017_OPT
EB.09S.H.00306,BLOIS_2017_OPT
EB.09S.H.00309,BLOIS_2017_OPT
EB.09S.H.00315,BLOIS_2017_OPT
EB.09S.H.00316,BLOIS_2017_OPT
EB.09S.H.00318,BLOIS_2017_OPT
EB.09S.H.00322,BLOIS_2017_OPT
EB.09S.H.00324,BLOIS_2017_OPT
EB.09S.H.00325,BLOIS_2017_OPT
EB.09S.H.00326,BLOIS_2017_OPT
EB.09S.H.00328,BLOIS_2017_OPT
EB.09S.H.00329,BLOIS_2017_OPT
EB.09S.H.00331,BLOIS_2017_OPT
EB.09S.H.00334,BLOIS_2017_OPT
EB.09S.H.00335,BLOIS_2017_OPT
EB.09S.H.00336,BLOIS_2017_OPT
EB.09S.H.00340,BLOIS_2017_OPT
EB.09S.H.00341,BLOIS_2017_OPT
EB.09S.H.00348,BLOIS_2017_OPT
EB.09S.H.00352,BLOIS_2017_OPT
EB.09S.H.00353,BLOIS_2017_OPT
EB.09S.H.00356,BLOIS_2017_OPT
EB.09S.H.00357,BLOIS_2017_OPT
EB.09S.H.00359,BLOIS_2017_OPT
EB.09S.H.00360,BLOIS_2017_OPT
EB.09S.H.00362,BLOIS_2017_OPT
EB.09S.H.00364,BLOIS_2017_OPT
EB.09S.H.00368,BLOIS_2017_OPT
EB.09S.H.00372,BLOIS_2017_OPT
EB.09S.H.00373,BLOIS_2017_OPT
EB.09S.H.00377,BLOIS_2017_OPT
EB.09S.H.00378,BLOIS_2017_OPT
EB.09S.H.00382,BLOIS_2017_OPT
EB.09S.H.00383,BLOIS_2017_OPT
EB.09S.H.00384,BLOIS_2017_OPT
EB.09S.H.00385,BLOIS_2017_OPT
EB.09S.H.00388,BLOIS_2017_OPT
EB.09S.H.00389,BLOIS_2017_OPT
EB.09S.H.00390,BLOIS_2017_OPT
EB.09S.H.00393,BLOIS_2017_OPT
EB.09S.H.00394,BLOIS_2017_OPT
EB.09S.H.00398,BLOIS_2017_OPT
EB.09S.H.00399,BLOIS_2017_OPT
EB.09S.H.00402,BLOIS_2017_OPT
EB.09S.H.00407,BLOIS_2017_OPT
EB.09S.H.00409,BLOIS_2017_OPT
EB.09S.H.00410,BLOIS_2017_OPT
EB.09S.H.00413,BLOIS_2017_OPT
EB.09S.H.00414,BLOIS_2017_OPT
EB.09S.H.00416,BLOIS_2017_OPT
EB.09S.H.00417,BLOIS_2017_OPT
EB.09S.H.00418,BLOIS_2017_OPT
EB.09S.H.00419,BLOIS_2017_OPT
EB.09S.H.00420,BLOIS_2017_OPT
EB.09S.H.00421,BLOIS_2017_OPT
EB.09S.H.00424,BLOIS_2017_OPT
EB.09S.H.00425,BLOIS_2017_OPT
EB.09S.H.00426,BLOIS_2017_OPT
EB.09S.H.00427,BLOIS_2017_OPT
EB.09S.H.00429,BLOIS_2017_OPT
EB.09S.H.00433,BLOIS_2017_OPT
EB.09S.H.00436,BLOIS_2017_OPT
EB.09S.H.00444,BLOIS_2017_OPT
EB.09S.H.00445,BLOIS_2017_OPT
EB.09S.H.00446,BLOIS_2017_OPT
EB.09S.H.00448,BLOIS_2017_OPT
EB.09S.H.00451,BLOIS_2017_OPT
EB.09S.H.00453,BLOIS_2017_OPT
EB.09S.H.00454,BLOIS_2017_OPT
EB.09S.H.00455,BLOIS_2017_OPT
EB.09S.H.00465,BLOIS_2017_OPT
EB.09S.H.00469,BLOIS_2017_OPT
EB.09S.H.00471,BLOIS_2017_OPT
EB.09S.H.00472,BLOIS_2017_OPT
EB.09S.H.00474,BLOIS_2017_OPT
EB.09S.H.00476,BLOIS_2017_OPT
EB.09S.H.00477,BLOIS_2017_OPT
EB.09S.H.00480,BLOIS_2017_OPT
EB.09S.H.00481,BLOIS_2017_OPT
EB.09S.H.00482,BLOIS_2017_OPT
EB.09S.H.00484,BLOIS_2017_OPT
EB.09S.H.00485,BLOIS_2017_OPT
EB.09S.H.00488,BLOIS_2017_OPT
EB.09S.H.00493,BLOIS_2017_OPT
EB.09S.H.00494,BLOIS_2017_OPT
EB.09S.H.00496,BLOIS_2017_OPT
EB.09S.H.00498,BLOIS_2017_OPT
EB.09S.H.00500,BLOIS_2017_OPT
EB.09S.H.00502,BLOIS_2017_OPT
EB.09S.H.00504,BLOIS_2017_OPT
EB.09S.H.00506,BLOIS_2017_OPT
EB.09S.H.00507,BLOIS_2017_OPT
EB.09S.H.00509,BLOIS_2017_OPT
EB.09S.H.00512,BLOIS_2017_OPT
EB.09S.H.00513,BLOIS_2017_OPT
EB.09S.H.00518,BLOIS_2017_OPT
EB.09S.H.00519,BLOIS_2017_OPT
EB.09S.H.00520,BLOIS_2017_OPT
EB.09S.H.00522,BLOIS_2017_OPT
EB.09S.H.00523,BLOIS_2017_OPT
EB.09S.H.00524,BLOIS_2017_OPT
EB.09S.H.00525,BLOIS_2017_OPT
EB.09S.H.00530,BLOIS_2017_OPT
EB.10H.H.00005,BLOIS_2017_OPT
EB.10H.H.00006,BLOIS_2017_OPT
EB.10H.H.00007,BLOIS_2017_OPT
EB.10H.H.00018,BLOIS_2017_OPT
EB.10H.H.00021,BLOIS_2017_OPT
EB.10H.H.00023,BLOIS_2017_OPT
EB.10H.H.00025,BLOIS_2017_OPT
EB.10H.H.00029,BLOIS_2017_OPT
EB.10H.H.00030,BLOIS_2017_OPT
EB.10H.H.00031,BLOIS_2017_OPT
EB.10H.H.00032,BLOIS_2017_OPT
EB.10H.H.00033,BLOIS_2017_OPT
EB.10H.H.00036,BLOIS_2017_OPT
EB.10H.H.00037,BLOIS_2017_OPT
EB.10H.H.00038,BLOIS_2017_OPT
EB.10H.H.00040,BLOIS_2017_OPT
EB.10H.H.00041,BLOIS_2017_OPT
EB.10H.H.00043,BLOIS_2017_OPT
EB.10H.H.00045,BLOIS_2017_OPT
EB.10H.H.00046,BLOIS_2017_OPT
EB.10H.H.00047,BLOIS_2017_OPT
EB.10H.H.00050,BLOIS_2017_OPT
EB.10H.H.00051,BLOIS_2017_OPT
EB.10H.H.00052,BLOIS_2017_OPT
EB.10H.H.00053,BLOIS_2017_OPT
EB.10H.H.00055,BLOIS_2017_OPT
EB.10H.H.00056,BLOIS_2017_OPT
EB.10H.H.00058,BLOIS_2017_OPT
EB.10H.H.00060,BLOIS_2017_OPT
EB.10H.H.00061,BLOIS_2017_OPT
EB.10H.H.00062,BLOIS_2017_OPT
EB.10H.H.00063,BLOIS_2017_OPT
EB.10H.H.00064,BLOIS_2017_OPT
EB.10H.H.00067,BLOIS_2017_OPT
EB.10H.H.00077,BLOIS_2017_OPT
EB.10H.H.00078,BLOIS_2017_OPT
EB.10H.H.00079,BLOIS_2017_OPT
EB.10H.H.00081,BLOIS_2017_OPT
EB.10H.H.00083,BLOIS_2017_OPT
EB.10H.H.00085,BLOIS_2017_OPT
EB.10H.H.00087,BLOIS_2017_OPT
EB.10H.H.00095,BLOIS_2017_OPT
EB.10H.H.00096,BLOIS_2017_OPT
EB.10H.H.00097,BLOIS_2017_OPT
EB.10H.H.00099,BLOIS_2017_OPT
EB.10H.H.00106,BLOIS_2017_OPT
EB.10H.H.00111,BLOIS_2017_OPT
EB.10H.H.00117,BLOIS_2017_OPT
EB.10H.H.00122,BLOIS_2017_OPT
EB.10H.H.00126,BLOIS_2017_OPT
EB.10H.H.00128,BLOIS_2017_OPT
EB.10H.H.00131,BLOIS_2017_OPT
EB.10H.H.00135,BLOIS_2017_OPT
EB.10H.H.00137,BLOIS_2017_OPT
EB.10H.H.00139,BLOIS_2017_OPT
EB.10H.H.00143,BLOIS_2017_OPT
EB.10H.H.00146,BLOIS_2017_OPT
EB.10H.H.00148,BLOIS_2017_OPT
EB.10H.H.00149,BLOIS_2017_OPT
EB.10H.H.00151,BLOIS_2017_OPT
EB.09S.H.00079,BLOIS_2017_OPT
EB.09S.H.00090,BLOIS_2017_OPT
EB.09S.H.00115,BLOIS_2017_OPT
EB.09S.H.00134,BLOIS_2017_OPT
EB.09S.H.00169,BLOIS_2017_OPT
EB.09S.H.00195,BLOIS_2017_OPT
EB.09S.H.00208,BLOIS_2017_OPT
EB.09S.H.00355,BLOIS_2017_OPT
EB.09S.H.00415,BLOIS_2017_OPT
EB.09S.H.00442,BLOIS_2017_OPT
EB.09S.H.00460,BLOIS_2017_OPT
EB.10H.H.00024,BLOIS_2017_OPT
EB.10H.H.00028,BLOIS_2017_OPT
EB.10H.H.00071,BLOIS_2017_OPT
EB.10H.H.00092,BLOIS_2017_OPT
EB.10H.H.00144,BLOIS_2017_OPT
EB.09S.H.00397,BLOIS_2017_OPT
EB.10H.H.00054,BLOIS_2017_OPT
EB.09S.H.00002,GRANEROS_2015_OPT
EB.09S.H.00004,GRANEROS_2015_OPT
EB.09S.H.00005,GRANEROS_2015_OPT
EB.09S.H.00007,GRANEROS_2015_OPT
EB.09S.H.00008,GRANEROS_2015_OPT
EB.09S.H.00009,GRANEROS_2015_OPT
EB.09S.H.00015,GRANEROS_2015_OPT
EB.09S.H.00016,GRANEROS_2015_OPT
EB.09S.H.00017,GRANEROS_2015_OPT
EB.09S.H.00019,GRANEROS_2015_OPT
EB.09S.H.00027,GRANEROS_2015_OPT
EB.09S.H.00030,GRANEROS_2015_OPT
EB.09S.H.00039,GRANEROS_2015_OPT
EB.09S.H.00040,GRANEROS_2015_OPT
EB.09S.H.00041,GRANEROS_2015_OPT
EB.09S.H.00043,GRANEROS_2015_OPT
EB.09S.H.00044,GRANEROS_2015_OPT
EB.09S.H.00045,GRANEROS_2015_OPT
EB.09S.H.00046,GRANEROS_2015_OPT
EB.09S.H.00048,GRANEROS_2015_OPT
EB.09S.H.00049,GRANEROS_2015_OPT
EB.09S.H.00052,GRANEROS_2015_OPT
EB.09S.H.00054,GRANEROS_2015_OPT
EB.09S.H.00061,GRANEROS_2015_OPT
EB.09S.H.00064,GRANEROS_2015_OPT
EB.09S.H.00065,GRANEROS_2015_OPT
EB.09S.H.00071,GRANEROS_2015_OPT
EB.09S.H.00072,GRANEROS_2015_OPT
EB.09S.H.00073,GRANEROS_2015_OPT
EB.09S.H.00074,GRANEROS_2015_OPT
EB.09S.H.00076,GRANEROS_2015_OPT
EB.09S.H.00080,GRANEROS_2015_OPT
EB.09S.H.00081,GRANEROS_2015_OPT
EB.09S.H.00083,GRANEROS_2015_OPT
EB.09S.H.00084,GRANEROS_2015_OPT
EB.09S.H.00086,GRANEROS_2015_OPT
EB.09S.H.00087,GRANEROS_2015_OPT
EB.09S.H.00093,GRANEROS_2015_OPT
EB.09S.H.00094,GRANEROS_2015_OPT
EB.09S.H.00097,GRANEROS_2015_OPT
EB.09S.H.00098,GRANEROS_2015_OPT
EB.09S.H.00100,GRANEROS_2015_OPT
EB.09S.H.00101,GRANEROS_2015_OPT
EB.09S.H.00106,GRANEROS_2015_OPT
EB.09S.H.00107,GRANEROS_2015_OPT
EB.09S.H.00108,GRANEROS_2015_OPT
EB.09S.H.00111,GRANEROS_2015_OPT
EB.09S.H.00112,GRANEROS_2015_OPT
EB.09S.H.00114,GRANEROS_2015_OPT
EB.09S.H.00116,GRANEROS_2015_OPT
EB.09S.H.00118,GRANEROS_2015_OPT
EB.09S.H.00122,GRANEROS_2015_OPT
EB.09S.H.00130,GRANEROS_2015_OPT
EB.09S.H.00132,GRANEROS_2015_OPT
EB.09S.H.00133,GRANEROS_2015_OPT
EB.09S.H.00135,GRANEROS_2015_OPT
EB.09S.H.00136,GRANEROS_2015_OPT
EB.09S.H.00142,GRANEROS_2015_OPT
EB.09S.H.00144,GRANEROS_2015_OPT
EB.09S.H.00145,GRANEROS_2015_OPT
EB.09S.H.00149,GRANEROS_2015_OPT
EB.09S.H.00155,GRANEROS_2015_OPT
EB.09S.H.00157,GRANEROS_2015_OPT
EB.09S.H.00160,GRANEROS_2015_OPT
EB.09S.H.00161,GRANEROS_2015_OPT
EB.09S.H.00168,GRANEROS_2015_OPT
EB.09S.H.00171,GRANEROS_2015_OPT
EB.09S.H.00172,GRANEROS_2015_OPT
EB.09S.H.00175,GRANEROS_2015_OPT
EB.09S.H.00178,GRANEROS_2015_OPT
EB.09S.H.00179,GRANEROS_2015_OPT
EB.09S.H.00183,GRANEROS_2015_OPT
EB.09S.H.00185,GRANEROS_2015_OPT
EB.09S.H.00188,GRANEROS_2015_OPT
EB.09S.H.00191,GRANEROS_2015_OPT
EB.09S.H.00192,GRANEROS_2015_OPT
EB.09S.H.00193,GRANEROS_2015_OPT
EB.09S.H.00194,GRANEROS_2015_OPT
EB.09S.H.00198,GRANEROS_2015_OPT
EB.09S.H.00199,GRANEROS_2015_OPT
EB.09S.H.00201,GRANEROS_2015_OPT
EB.09S.H.00204,GRANEROS_2015_OPT
EB.09S.H.00205,GRANEROS_2015_OPT
EB.09S.H.00209,GRANEROS_2015_OPT
EB.09S.H.00216,GRANEROS_2015_OPT
EB.09S.H.00223,GRANEROS_2015_OPT
EB.09S.H.00224,GRANEROS_2015_OPT
EB.09S.H.00225,GRANEROS_2015_OPT
EB.09S.H.00226,GRANEROS_2015_OPT
EB.09S.H.00232,GRANEROS_2015_OPT
EB.09S.H.00235,GRANEROS_2015_OPT
EB.09S.H.00238,GRANEROS_2015_OPT
EB.09S.H.00240,GRANEROS_2015_OPT
EB.09S.H.00242,GRANEROS_2015_OPT
EB.09S.H.00243,GRANEROS_2015_OPT
EB.09S.H.00245,GRANEROS_2015_OPT
EB.09S.H.00246,GRANEROS_2015_OPT
EB.09S.H.00250,GRANEROS_2015_OPT
EB.09S.H.00251,GRANEROS_2015_OPT
EB.09S.H.00253,GRANEROS_2015_OPT
EB.09S.H.00254,GRANEROS_2015_OPT
EB.09S.H.00257,GRANEROS_2015_OPT
EB.09S.H.00263,GRANEROS_2015_OPT
EB.09S.H.00264,GRANEROS_2015_OPT
EB.09S.H.00265,GRANEROS_2015_OPT
EB.09S.H.00266,GRANEROS_2015_OPT
EB.09S.H.00267,GRANEROS_2015_OPT
EB.09S.H.00273,GRANEROS_2015_OPT
EB.09S.H.00277,GRANEROS_2015_OPT
EB.09S.H.00278,GRANEROS_2015_OPT
EB.09S.H.00284,GRANEROS_2015_OPT
EB.09S.H.00287,GRANEROS_2015_OPT
EB.09S.H.00290,GRANEROS_2015_OPT
EB.09S.H.00291,GRANEROS_2015_OPT
EB.09S.H.00292,GRANEROS_2015_OPT
EB.09S.H.00294,GRANEROS_2015_OPT
EB.09S.H.00297,GRANEROS_2015_OPT
EB.09S.H.00300,GRANEROS_2015_OPT
EB.09S.H.00306,GRANEROS_2015_OPT
EB.09S.H.00309,GRANEROS_2015_OPT
EB.09S.H.00315,GRANEROS_2015_OPT
EB.09S.H.00316,GRANEROS_2015_OPT
EB.09S.H.00318,GRANEROS_2015_OPT
EB.09S.H.00322,GRANEROS_2015_OPT
EB.09S.H.00325,GRANEROS_2015_OPT
EB.09S.H.00326,GRANEROS_2015_OPT
EB.09S.H.00328,GRANEROS_2015_OPT
EB.09S.H.00329,GRANEROS_2015_OPT
EB.09S.H.00331,GRANEROS_2015_OPT
EB.09S.H.00334,GRANEROS_2015_OPT
EB.09S.H.00335,GRANEROS_2015_OPT
EB.09S.H.00336,GRANEROS_2015_OPT
EB.09S.H.00340,GRANEROS_2015_OPT
EB.09S.H.00341,GRANEROS_2015_OPT
EB.09S.H.00348,GRANEROS_2015_OPT
EB.09S.H.00349,GRANEROS_2015_OPT
EB.09S.H.00352,GRANEROS_2015_OPT
EB.09S.H.00353,GRANEROS_2015_OPT
EB.09S.H.00356,GRANEROS_2015_OPT
EB.09S.H.00357,GRANEROS_2015_OPT
EB.09S.H.00359,GRANEROS_2015_OPT
EB.09S.H.00360,GRANEROS_2015_OPT
EB.09S.H.00362,GRANEROS_2015_OPT
EB.09S.H.00364,GRANEROS_2015_OPT
EB.09S.H.00368,GRANEROS_2015_OPT
EB.09S.H.00372,GRANEROS_2015_OPT
EB.09S.H.00373,GRANEROS_2015_OPT
EB.09S.H.00374,GRANEROS_2015_OPT
EB.09S.H.00377,GRANEROS_2015_OPT
EB.09S.H.00378,GRANEROS_2015_OPT
EB.09S.H.00382,GRANEROS_2015_OPT
EB.09S.H.00383,GRANEROS_2015_OPT
EB.09S.H.00385,GRANEROS_2015_OPT
EB.09S.H.00388,GRANEROS_2015_OPT
EB.09S.H.00389,GRANEROS_2015_OPT
EB.09S.H.00390,GRANEROS_2015_OPT
EB.09S.H.00393,GRANEROS_2015_OPT
EB.09S.H.00394,GRANEROS_2015_OPT
EB.09S.H.00398,GRANEROS_2015_OPT
EB.09S.H.00399,GRANEROS_2015_OPT
EB.09S.H.00402,GRANEROS_2015_OPT
EB.09S.H.00404,GRANEROS_2015_OPT
EB.09S.H.00407,GRANEROS_2015_OPT
EB.09S.H.00409,GRANEROS_2015_OPT
EB.09S.H.00410,GRANEROS_2015_OPT
EB.09S.H.00413,GRANEROS_2015_OPT
EB.09S.H.00414,GRANEROS_2015_OPT
EB.09S.H.00416,GRANEROS_2015_OPT
EB.09S.H.00417,GRANEROS_2015_OPT
EB.09S.H.00418,GRANEROS_2015_OPT
EB.09S.H.00419,GRANEROS_2015_OPT
EB.09S.H.00424,GRANEROS_2015_OPT
EB.09S.H.00425,GRANEROS_2015_OPT
EB.09S.H.00426,GRANEROS_2015_OPT
EB.09S.H.00427,GRANEROS_2015_OPT
EB.09S.H.00429,GRANEROS_2015_OPT
EB.09S.H.00433,GRANEROS_2015_OPT
EB.09S.H.00436,GRANEROS_2015_OPT
EB.09S.H.00439,GRANEROS_2015_OPT
EB.09S.H.00444,GRANEROS_2015_OPT
EB.09S.H.00445,GRANEROS_2015_OPT
EB.09S.H.00446,GRANEROS_2015_OPT
EB.09S.H.00448,GRANEROS_2015_OPT
EB.09S.H.00451,GRANEROS_2015_OPT
EB.09S.H.00453,GRANEROS_2015_OPT
EB.09S.H.00454,GRANEROS_2015_OPT
EB.09S.H.00455,GRANEROS_2015_OPT
EB.09S.H.00465,GRANEROS_2015_OPT
EB.09S.H.00469,GRANEROS_2015_OPT
EB.09S.H.00471,GRANEROS_2015_OPT
EB.09S.H.00472,GRANEROS_2015_OPT
EB.09S.H.00474,GRANEROS_2015_OPT
EB.09S.H.00476,GRANEROS_2015_OPT
EB.09S.H.00477,GRANEROS_2015_OPT
EB.09S.H.00480,GRANEROS_2015_OPT
EB.09S.H.00481,GRANEROS_2015_OPT
EB.09S.H.00482,GRANEROS_2015_OPT
EB.09S.H.00484,GRANEROS_2015_OPT
EB.09S.H.00485,GRANEROS_2015_OPT
EB.09S.H.00488,GRANEROS_2015_OPT
EB.09S.H.00493,GRANEROS_2015_OPT
EB.09S.H.00496,GRANEROS_2015_OPT
EB.09S.H.00498,GRANEROS_2015_OPT
EB.09S.H.00500,GRANEROS_2015_OPT
EB.09S.H.00502,GRANEROS_2015_OPT
EB.09S.H.00504,GRANEROS_2015_OPT
EB.09S.H.00506,GRANEROS_2015_OPT
EB.09S.H.00507,GRANEROS_2015_OPT
EB.09S.H.00509,GRANEROS_2015_OPT
EB.09S.H.00512,GRANEROS_2015_OPT
EB.09S.H.00513,GRANEROS_2015_OPT
EB.09S.H.00518,GRANEROS_2015_OPT
EB.09S.H.00519,GRANEROS_2015_OPT
EB.09S.H.00520,GRANEROS_2015_OPT
EB.09S.H.00522,GRANEROS_2015_OPT
EB.09S.H.00523,GRANEROS_2015_OPT
EB.09S.H.00524,GRANEROS_2015_OPT
EB.09S.H.00525,GRANEROS_2015_OPT
EB.09S.H.00530,GRANEROS_2015_OPT
EB.10H.H.00005,GRANEROS_2015_OPT
EB.10H.H.00006,GRANEROS_2015_OPT
EB.10H.H.00007,GRANEROS_2015_OPT
EB.10H.H.00018,GRANEROS_2015_OPT
EB.10H.H.00020,GRANEROS_2015_OPT
EB.10H.H.00021,GRANEROS_2015_OPT
EB.10H.H.00023,GRANEROS_2015_OPT
EB.10H.H.00025,GRANEROS_2015_OPT
EB.10H.H.00029,GRANEROS_2015_OPT
EB.10H.H.00030,GRANEROS_2015_OPT
EB.10H.H.00031,GRANEROS_2015_OPT
EB.10H.H.00032,GRANEROS_2015_OPT
EB.10H.H.00034,GRANEROS_2015_OPT
EB.10H.H.00036,GRANEROS_2015_OPT
EB.10H.H.00037,GRANEROS_2015_OPT
EB.10H.H.00038,GRANEROS_2015_OPT
EB.10H.H.00040,GRANEROS_2015_OPT
EB.10H.H.00041,GRANEROS_2015_OPT
EB.10H.H.00043,GRANEROS_2015_OPT
EB.10H.H.00045,GRANEROS_2015_OPT
EB.10H.H.00046,GRANEROS_2015_OPT
EB.10H.H.00047,GRANEROS_2015_OPT
EB.10H.H.00050,GRANEROS_2015_OPT
EB.10H.H.00051,GRANEROS_2015_OPT
EB.10H.H.00052,GRANEROS_2015_OPT
EB.10H.H.00053,GRANEROS_2015_OPT
EB.10H.H.00055,GRANEROS_2015_OPT
EB.10H.H.00056,GRANEROS_2015_OPT
EB.10H.H.00058,GRANEROS_2015_OPT
EB.10H.H.00060,GRANEROS_2015_OPT
EB.10H.H.00061,GRANEROS_2015_OPT
EB.10H.H.00062,GRANEROS_2015_OPT
EB.10H.H.00063,GRANEROS_2015_OPT
EB.10H.H.00064,GRANEROS_2015_OPT
EB.10H.H.00067,GRANEROS_2015_OPT
EB.10H.H.00075,GRANEROS_2015_OPT
EB.10H.H.00076,GRANEROS_2015_OPT
EB.10H.H.00077,GRANEROS_2015_OPT
EB.10H.H.00078,GRANEROS_2015_OPT
EB.10H.H.00079,GRANEROS_2015_OPT
EB.10H.H.00081,GRANEROS_2015_OPT
EB.10H.H.00083,GRANEROS_2015_OPT
EB.10H.H.00085,GRANEROS_2015_OPT
EB.10H.H.00087,GRANEROS_2015_OPT
EB.10H.H.00095,GRANEROS_2015_OPT
EB.10H.H.00096,GRANEROS_2015_OPT
EB.10H.H.00097,GRANEROS_2015_OPT
EB.10H.H.00098,GRANEROS_2015_OPT
EB.10H.H.00099,GRANEROS_2015_OPT
EB.10H.H.00104,GRANEROS_2015_OPT
EB.10H.H.00106,GRANEROS_2015_OPT
EB.10H.H.00111,GRANEROS_2015_OPT
EB.10H.H.00114,GRANEROS_2015_OPT
EB.10H.H.00115,GRANEROS_2015_OPT
EB.10H.H.00117,GRANEROS_2015_OPT
EB.10H.H.00122,GRANEROS_2015_OPT
EB.10H.H.00126,GRANEROS_2015_OPT
EB.10H.H.00128,GRANEROS_2015_OPT
EB.10H.H.00131,GRANEROS_2015_OPT
EB.10H.H.00135,GRANEROS_2015_OPT
EB.10H.H.00137,GRANEROS_2015_OPT
EB.10H.H.00141,GRANEROS_2015_OPT
EB.10H.H.00143,GRANEROS_2015_OPT
EB.10H.H.00146,GRANEROS_2015_OPT
EB.10H.H.00147,GRANEROS_2015_OPT
EB.10H.H.00148,GRANEROS_2015_OPT
EB.10H.H.00149,GRANEROS_2015_OPT
EB.10H.H.00151,GRANEROS_2015_OPT
EB.09S.H.00063,GRANEROS_2015_OPT
EB.09S.H.00079,GRANEROS_2015_OPT
EB.09S.H.00090,GRANEROS_2015_OPT
EB.09S.H.00115,GRANEROS_2015_OPT
EB.09S.H.00134,GRANEROS_2015_OPT
EB.09S.H.00169,GRANEROS_2015_OPT
EB.09S.H.00195,GRANEROS_2015_OPT
EB.09S.H.00208,GRANEROS_2015_OPT
EB.09S.H.00370,GRANEROS_2015_OPT
EB.09S.H.00415,GRANEROS_2015_OPT
EB.09S.H.00442,GRANEROS_2015_OPT
EB.09S.H.00460,GRANEROS_2015_OPT
EB.09S.H.00492,GRANEROS_2015_OPT
EB.10H.H.00024,GRANEROS_2015_OPT
EB.10H.H.00028,GRANEROS_2015_OPT
EB.10H.H.00071,GRANEROS_2015_OPT
EB.10H.H.00092,GRANEROS_2015_OPT
EB.10H.H.00144,GRANEROS_2015_OPT
EB.09S.H.00003,NERAC_2016_WD
EB.09S.H.00004,NERAC_2016_WD
EB.09S.H.00005,NERAC_2016_WD
EB.09S.H.00007,NERAC_2016_WD
EB.09S.H.00008,NERAC_2016_WD
EB.09S.H.00009,NERAC_2016_WD
EB.09S.H.00015,NERAC_2016_WD
EB.09S.H.00016,NERAC_2016_WD
EB.09S.H.00017,NERAC_2016_WD
EB.09S.H.00019,NERAC_2016_WD
EB.09S.H.00027,NERAC_2016_WD
EB.09S.H.00030,NERAC_2016_WD
EB.09S.H.00039,NERAC_2016_WD
EB.09S.H.00040,NERAC_2016_WD
EB.09S.H.00041,NERAC_2016_WD
EB.09S.H.00043,NERAC_2016_WD
EB.09S.H.00044,NERAC_2016_WD
EB.09S.H.00045,NERAC_2016_WD
EB.09S.H.00046,NERAC_2016_WD
EB.09S.H.00048,NERAC_2016_WD
EB.09S.H.00049,NERAC_2016_WD
EB.09S.H.00052,NERAC_2016_WD
EB.09S.H.00054,NERAC_2016_WD
EB.09S.H.00061,NERAC_2016_WD
EB.09S.H.00064,NERAC_2016_WD
EB.09S.H.00071,NERAC_2016_WD
EB.09S.H.00072,NERAC_2016_WD
EB.09S.H.00073,NERAC_2016_WD
EB.09S.H.00074,NERAC_2016_WD
EB.09S.H.00076,NERAC_2016_WD
EB.09S.H.00080,NERAC_2016_WD
EB.09S.H.00081,NERAC_2016_WD
EB.09S.H.00083,NERAC_2016_WD
EB.09S.H.00084,NERAC_2016_WD
EB.09S.H.00086,NERAC_2016_WD
EB.09S.H.00087,NERAC_2016_WD
EB.09S.H.00093,NERAC_2016_WD
EB.09S.H.00094,NERAC_2016_WD
EB.09S.H.00097,NERAC_2016_WD
EB.09S.H.00098,NERAC_2016_WD
EB.09S.H.00100,NERAC_2016_WD
EB.09S.H.00101,NERAC_2016_WD
EB.09S.H.00106,NERAC_2016_WD
EB.09S.H.00107,NERAC_2016_WD
EB.09S.H.00108,NERAC_2016_WD
EB.09S.H.00111,NERAC_2016_WD
EB.09S.H.00112,NERAC_2016_WD
EB.09S.H.00114,NERAC_2016_WD
EB.09S.H.00116,NERAC_2016_WD
EB.09S.H.00122,NERAC_2016_WD
EB.09S.H.00130,NERAC_2016_WD
EB.09S.H.00132,NERAC_2016_WD
EB.09S.H.00133,NERAC_2016_WD
EB.09S.H.00135,NERAC_2016_WD
EB.09S.H.00136,NERAC_2016_WD
EB.09S.H.00137,NERAC_2016_WD
EB.09S.H.00140,NERAC_2016_WD
EB.09S.H.00142,NERAC_2016_WD
EB.09S.H.00144,NERAC_2016_WD
EB.09S.H.00149,NERAC_2016_WD
EB.09S.H.00155,NERAC_2016_WD
EB.09S.H.00157,NERAC_2016_WD
EB.09S.H.00160,NERAC_2016_WD
EB.09S.H.00161,NERAC_2016_WD
EB.09S.H.00168,NERAC_2016_WD
EB.09S.H.00171,NERAC_2016_WD
EB.09S.H.00172,NERAC_2016_WD
EB.09S.H.00175,NERAC_2016_WD
EB.09S.H.00178,NERAC_2016_WD
EB.09S.H.00179,NERAC_2016_WD
EB.09S.H.00183,NERAC_2016_WD
EB.09S.H.00185,NERAC_2016_WD
EB.09S.H.00188,NERAC_2016_WD
EB.09S.H.00191,NERAC_2016_WD
EB.09S.H.00192,NERAC_2016_WD
EB.09S.H.00194,NERAC_2016_WD
EB.09S.H.00198,NERAC_2016_WD
EB.09S.H.00199,NERAC_2016_WD
EB.09S.H.00201,NERAC_2016_WD
EB.09S.H.00204,NERAC_2016_WD
EB.09S.H.00205,NERAC_2016_WD
EB.09S.H.00209,NERAC_2016_WD
EB.09S.H.00216,NERAC_2016_WD
EB.09S.H.00223,NERAC_2016_WD
EB.09S.H.00224,NERAC_2016_WD
EB.09S.H.00225,NERAC_2016_WD
EB.09S.H.00226,NERAC_2016_WD
EB.09S.H.00232,NERAC_2016_WD
EB.09S.H.00235,NERAC_2016_WD
EB.09S.H.00238,NERAC_2016_WD
EB.09S.H.00240,NERAC_2016_WD
EB.09S.H.00242,NERAC_2016_WD
EB.09S.H.00243,NERAC_2016_WD
EB.09S.H.00245,NERAC_2016_WD
EB.09S.H.00246,NERAC_2016_WD
EB.09S.H.00250,NERAC_2016_WD
EB.09S.H.00251,NERAC_2016_WD
EB.09S.H.00253,NERAC_2016_WD
EB.09S.H.00254,NERAC_2016_WD
EB.09S.H.00257,NERAC_2016_WD
EB.09S.H.00263,NERAC_2016_WD
EB.09S.H.00264,NERAC_2016_WD
EB.09S.H.00265,NERAC_2016_WD
EB.09S.H.00266,NERAC_2016_WD
EB.09S.H.00267,NERAC_2016_WD
EB.09S.H.00273,NERAC_2016_WD
EB.09S.H.00277,NERAC_2016_WD
EB.09S.H.00278,NERAC_2016_WD
EB.09S.H.00283,NERAC_2016_WD
EB.09S.H.00284,NERAC_2016_WD
EB.09S.H.00287,NERAC_2016_WD
EB.09S.H.00290,NERAC_2016_WD
EB.09S.H.00291,NERAC_2016_WD
EB.09S.H.00292,NERAC_2016_WD
EB.09S.H.00294,NERAC_2016_WD
EB.09S.H.00297,NERAC_2016_WD
EB.09S.H.00300,NERAC_2016_WD
EB.09S.H.00306,NERAC_2016_WD
EB.09S.H.00309,NERAC_2016_WD
EB.09S.H.00315,NERAC_2016_WD
EB.09S.H.00316,NERAC_2016_WD
EB.09S.H.00318,NERAC_2016_WD
EB.09S.H.00322,NERAC_2016_WD
EB.09S.H.00324,NERAC_2016_WD
EB.09S.H.00325,NERAC_2016_WD
EB.09S.H.00326,NERAC_2016_WD
EB.09S.H.00328,NERAC_2016_WD
EB.09S.H.00329,NERAC_2016_WD
EB.09S.H.00331,NERAC_2016_WD
EB.09S.H.00334,NERAC_2016_WD
EB.09S.H.00335,NERAC_2016_WD
EB.09S.H.00336,NERAC_2016_WD
EB.09S.H.00340,NERAC_2016_WD
EB.09S.H.00341,NERAC_2016_WD
EB.09S.H.00348,NERAC_2016_WD
EB.09S.H.00349,NERAC_2016_WD
EB.09S.H.00352,NERAC_2016_WD
EB.09S.H.00353,NERAC_2016_WD
EB.09S.H.00356,NERAC_2016_WD
EB.09S.H.00359,NERAC_2016_WD
EB.09S.H.00360,NERAC_2016_WD
EB.09S.H.00362,NERAC_2016_WD
EB.09S.H.00364,NERAC_2016_WD
EB.09S.H.00368,NERAC_2016_WD
EB.09S.H.00372,NERAC_2016_WD
EB.09S.H.00373,NERAC_2016_WD
EB.09S.H.00374,NERAC_2016_WD
EB.09S.H.00377,NERAC_2016_WD
EB.09S.H.00378,NERAC_2016_WD
EB.09S.H.00382,NERAC_2016_WD
EB.09S.H.00383,NERAC_2016_WD
EB.09S.H.00384,NERAC_2016_WD
EB.09S.H.00385,NERAC_2016_WD
EB.09S.H.00388,NERAC_2016_WD
EB.09S.H.00389,NERAC_2016_WD
EB.09S.H.00390,NERAC_2016_WD
EB.09S.H.00393,NERAC_2016_WD
EB.09S.H.00394,NERAC_2016_WD
EB.09S.H.00398,NERAC_2016_WD
EB.09S.H.00399,NERAC_2016_WD
EB.09S.H.00402,NERAC_2016_WD
EB.09S.H.00407,NERAC_2016_WD
EB.09S.H.00409,NERAC_2016_WD
EB.09S.H.00410,NERAC_2016_WD
EB.09S.H.00413,NERAC_2016_WD
EB.09S.H.00414,NERAC_2016_WD
EB.09S.H.00416,NERAC_2016_WD
EB.09S.H.00418,NERAC_2016_WD
EB.09S.H.00419,NERAC_2016_WD
EB.09S.H.00420,NERAC_2016_WD
EB.09S.H.00424,NERAC_2016_WD
EB.09S.H.00426,NERAC_2016_WD
EB.09S.H.00427,NERAC_2016_WD
EB.09S.H.00429,NERAC_2016_WD
EB.09S.H.00433,NERAC_2016_WD
EB.09S.H.00436,NERAC_2016_WD
EB.09S.H.00444,NERAC_2016_WD
EB.09S.H.00445,NERAC_2016_WD
EB.09S.H.00446,NERAC_2016_WD
EB.09S.H.00448,NERAC_2016_WD
EB.09S.H.00451,NERAC_2016_WD
EB.09S.H.00453,NERAC_2016_WD
EB.09S.H.00454,NERAC_2016_WD
EB.09S.H.00455,NERAC_2016_WD
EB.09S.H.00465,NERAC_2016_WD
EB.09S.H.00469,NERAC_2016_WD
EB.09S.H.00471,NERAC_2016_WD
EB.09S.H.00472,NERAC_2016_WD
EB.09S.H.00474,NERAC_2016_WD
EB.09S.H.00476,NERAC_2016_WD
EB.09S.H.00477,NERAC_2016_WD
EB.09S.H.00480,NERAC_2016_WD
EB.09S.H.00481,NERAC_2016_WD
EB.09S.H.00482,NERAC_2016_WD
EB.09S.H.00484,NERAC_2016_WD
EB.09S.H.00485,NERAC_2016_WD
EB.09S.H.00488,NERAC_2016_WD
EB.09S.H.00493,NERAC_2016_WD
EB.09S.H.00494,NERAC_2016_WD
EB.09S.H.00496,NERAC_2016_WD
EB.09S.H.00498,NERAC_2016_WD
EB.09S.H.00502,NERAC_2016_WD
EB.09S.H.00504,NERAC_2016_WD
EB.09S.H.00506,NERAC_2016_WD
EB.09S.H.00507,NERAC_2016_WD
EB.09S.H.00509,NERAC_2016_WD
EB.09S.H.00512,NERAC_2016_WD
EB.09S.H.00513,NERAC_2016_WD
EB.09S.H.00519,NERAC_2016_WD
EB.09S.H.00520,NERAC_2016_WD
EB.09S.H.00522,NERAC_2016_WD
EB.09S.H.00523,NERAC_2016_WD
EB.09S.H.00524,NERAC_2016_WD
EB.09S.H.00525,NERAC_2016_WD
EB.09S.H.00530,NERAC_2016_WD
EB.10H.H.00005,NERAC_2016_WD
EB.10H.H.00006,NERAC_2016_WD
EB.10H.H.00007,NERAC_2016_WD
EB.10H.H.00018,NERAC_2016_WD
EB.10H.H.00023,NERAC_2016_WD
EB.10H.H.00025,NERAC_2016_WD
EB.10H.H.00029,NERAC_2016_WD
EB.10H.H.00030,NERAC_2016_WD
EB.10H.H.00031,NERAC_2016_WD
EB.10H.H.00032,NERAC_2016_WD
EB.10H.H.00034,NERAC_2016_WD
EB.10H.H.00036,NERAC_2016_WD
EB.10H.H.00037,NERAC_2016_WD
EB.10H.H.00038,NERAC_2016_WD
EB.10H.H.00040,NERAC_2016_WD
EB.10H.H.00041,NERAC_2016_WD
EB.10H.H.00043,NERAC_2016_WD
EB.10H.H.00045,NERAC_2016_WD
EB.10H.H.00046,NERAC_2016_WD
EB.10H.H.00047,NERAC_2016_WD
EB.10H.H.00050,NERAC_2016_WD
EB.10H.H.00051,NERAC_2016_WD
EB.10H.H.00052,NERAC_2016_WD
EB.10H.H.00053,NERAC_2016_WD
EB.10H.H.00055,NERAC_2016_WD
EB.10H.H.00056,NERAC_2016_WD
EB.10H.H.00058,NERAC_2016_WD
EB.10H.H.00060,NERAC_2016_WD
EB.10H.H.00061,NERAC_2016_WD
EB.10H.H.00062,NERAC_2016_WD
EB.10H.H.00063,NERAC_2016_WD
EB.10H.H.00064,NERAC_2016_WD
EB.10H.H.00067,NERAC_2016_WD
EB.10H.H.00075,NERAC_2016_WD
EB.10H.H.00076,NERAC_2016_WD
EB.10H.H.00077,NERAC_2016_WD
EB.10H.H.00078,NERAC_2016_WD
EB.10H.H.00079,NERAC_2016_WD
EB.10H.H.00081,NERAC_2016_WD
EB.10H.H.00083,NERAC_2016_WD
EB.10H.H.00085,NERAC_2016_WD
EB.10H.H.00087,NERAC_2016_WD
EB.10H.H.00096,NERAC_2016_WD
EB.10H.H.00097,NERAC_2016_WD
EB.10H.H.00099,NERAC_2016_WD
EB.10H.H.00104,NERAC_2016_WD
EB.10H.H.00106,NERAC_2016_WD
EB.10H.H.00111,NERAC_2016_WD
EB.10H.H.00114,NERAC_2016_WD
EB.10H.H.00115,NERAC_2016_WD
EB.10H.H.00117,NERAC_2016_WD
EB.10H.H.00122,NERAC_2016_WD
EB.10H.H.00126,NERAC_2016_WD
EB.10H.H.00128,NERAC_2016_WD
EB.10H.H.00131,NERAC_2016_WD
EB.10H.H.00135,NERAC_2016_WD
EB.10H.H.00137,NERAC_2016_WD
EB.10H.H.00139,NERAC_2016_WD
EB.10H.H.00141,NERAC_2016_WD
EB.10H.H.00143,NERAC_2016_WD
EB.10H.H.00146,NERAC_2016_WD
EB.10H.H.00147,NERAC_2016_WD
EB.10H.H.00148,NERAC_2016_WD
EB.10H.H.00149,NERAC_2016_WD
EB.10H.H.00151,NERAC_2016_WD
EB.09S.H.00079,NERAC_2016_WD
EB.09S.H.00090,NERAC_2016_WD
EB.09S.H.00115,NERAC_2016_WD
EB.09S.H.00134,NERAC_2016_WD
EB.09S.H.00169,NERAC_2016_WD
EB.09S.H.00195,NERAC_2016_WD
EB.09S.H.00208,NERAC_2016_WD
EB.09S.H.00355,NERAC_2016_WD
EB.09S.H.00370,NERAC_2016_WD
EB.09S.H.00415,NERAC_2016_WD
EB.09S.H.00442,NERAC_2016_WD
EB.09S.H.00460,NERAC_2016_WD
EB.10H.H.00024,NERAC_2016_WD
EB.10H.H.00028,NERAC_2016_WD
EB.10H.H.00071,NERAC_2016_WD
EB.10H.H.00092,NERAC_2016_WD
EB.10H.H.00144,NERAC_2016_WD
EB.10H.H.00054,NERAC_2016_WD
EB.09S.H.00003,STPAUL_2017_WD
EB.09S.H.00004,STPAUL_2017_WD
EB.09S.H.00005,STPAUL_2017_WD
EB.09S.H.00007,STPAUL_2017_WD
EB.09S.H.00008,STPAUL_2017_WD
EB.09S.H.00009,STPAUL_2017_WD
EB.09S.H.00015,STPAUL_2017_WD
EB.09S.H.00016,STPAUL_2017_WD
EB.09S.H.00017,STPAUL_2017_WD
EB.09S.H.00019,STPAUL_2017_WD
EB.09S.H.00027,STPAUL_2017_WD
EB.09S.H.00030,STPAUL_2017_WD
EB.09S.H.00039,STPAUL_2017_WD
EB.09S.H.00040,STPAUL_2017_WD
EB.09S.H.00041,STPAUL_2017_WD
EB.09S.H.00043,STPAUL_2017_WD
EB.09S.H.00044,STPAUL_2017_WD
EB.09S.H.00046,STPAUL_2017_WD
EB.09S.H.00048,STPAUL_2017_WD
EB.09S.H.00049,STPAUL_2017_WD
EB.09S.H.00052,STPAUL_2017_WD
EB.09S.H.00054,STPAUL_2017_WD
EB.09S.H.00061,STPAUL_2017_WD
EB.09S.H.00064,STPAUL_2017_WD
EB.09S.H.00065,STPAUL_2017_WD
EB.09S.H.00071,STPAUL_2017_WD
EB.09S.H.00072,STPAUL_2017_WD
EB.09S.H.00073,STPAUL_2017_WD
EB.09S.H.00074,STPAUL_2017_WD
EB.09S.H.00076,STPAUL_2017_WD
EB.09S.H.00080,STPAUL_2017_WD
EB.09S.H.00081,STPAUL_2017_WD
EB.09S.H.00083,STPAUL_2017_WD
EB.09S.H.00084,STPAUL_2017_WD
EB.09S.H.00086,STPAUL_2017_WD
EB.09S.H.00087,STPAUL_2017_WD
EB.09S.H.00091,STPAUL_2017_WD
EB.09S.H.00093,STPAUL_2017_WD
EB.09S.H.00097,STPAUL_2017_WD
EB.09S.H.00098,STPAUL_2017_WD
EB.09S.H.00100,STPAUL_2017_WD
EB.09S.H.00101,STPAUL_2017_WD
EB.09S.H.00106,STPAUL_2017_WD
EB.09S.H.00107,STPAUL_2017_WD
EB.09S.H.00108,STPAUL_2017_WD
EB.09S.H.00111,STPAUL_2017_WD
EB.09S.H.00112,STPAUL_2017_WD
EB.09S.H.00114,STPAUL_2017_WD
EB.09S.H.00116,STPAUL_2017_WD
EB.09S.H.00118,STPAUL_2017_WD
EB.09S.H.00122,STPAUL_2017_WD
EB.09S.H.00130,STPAUL_2017_WD
EB.09S.H.00132,STPAUL_2017_WD
EB.09S.H.00133,STPAUL_2017_WD
EB.09S.H.00135,STPAUL_2017_WD
EB.09S.H.00136,STPAUL_2017_WD
EB.09S.H.00140,STPAUL_2017_WD
EB.09S.H.00142,STPAUL_2017_WD
EB.09S.H.00144,STPAUL_2017_WD
EB.09S.H.00145,STPAUL_2017_WD
EB.09S.H.00149,STPAUL_2017_WD
EB.09S.H.00155,STPAUL_2017_WD
EB.09S.H.00157,STPAUL_2017_WD
EB.09S.H.00160,STPAUL_2017_WD
EB.09S.H.00161,STPAUL_2017_WD
EB.09S.H.00165,STPAUL_2017_WD
EB.09S.H.00168,STPAUL_2017_WD
EB.09S.H.00171,STPAUL_2017_WD
EB.09S.H.00172,STPAUL_2017_WD
EB.09S.H.00175,STPAUL_2017_WD
EB.09S.H.00178,STPAUL_2017_WD
EB.09S.H.00179,STPAUL_2017_WD
EB.09S.H.00185,STPAUL_2017_WD
EB.09S.H.00188,STPAUL_2017_WD
EB.09S.H.00191,STPAUL_2017_WD
EB.09S.H.00192,STPAUL_2017_WD
EB.09S.H.00194,STPAUL_2017_WD
EB.09S.H.00198,STPAUL_2017_WD
EB.09S.H.00199,STPAUL_2017_WD
EB.09S.H.00201,STPAUL_2017_WD
EB.09S.H.00204,STPAUL_2017_WD
EB.09S.H.00205,STPAUL_2017_WD
EB.09S.H.00209,STPAUL_2017_WD
EB.09S.H.00223,STPAUL_2017_WD
EB.09S.H.00224,STPAUL_2017_WD
EB.09S.H.00225,STPAUL_2017_WD
EB.09S.H.00226,STPAUL_2017_WD
EB.09S.H.00232,STPAUL_2017_WD
EB.09S.H.00235,STPAUL_2017_WD
EB.09S.H.00238,STPAUL_2017_WD
EB.09S.H.00240,STPAUL_2017_WD
EB.09S.H.00242,STPAUL_2017_WD
EB.09S.H.00243,STPAUL_2017_WD
EB.09S.H.00245,STPAUL_2017_WD
EB.09S.H.00246,STPAUL_2017_WD
EB.09S.H.00250,STPAUL_2017_WD
EB.09S.H.00251,STPAUL_2017_WD
EB.09S.H.00253,STPAUL_2017_WD
EB.09S.H.00254,STPAUL_2017_WD
EB.09S.H.00257,STPAUL_2017_WD
EB.09S.H.00263,STPAUL_2017_WD
EB.09S.H.00264,STPAUL_2017_WD
EB.09S.H.00265,STPAUL_2017_WD
EB.09S.H.00266,STPAUL_2017_WD
EB.09S.H.00267,STPAUL_2017_WD
EB.09S.H.00273,STPAUL_2017_WD
EB.09S.H.00278,STPAUL_2017_WD
EB.09S.H.00283,STPAUL_2017_WD
EB.09S.H.00287,STPAUL_2017_WD
EB.09S.H.00290,STPAUL_2017_WD
EB.09S.H.00291,STPAUL_2017_WD
EB.09S.H.00292,STPAUL_2017_WD
EB.09S.H.00294,STPAUL_2017_WD
EB.09S.H.00297,STPAUL_2017_WD
EB.09S.H.00300,STPAUL_2017_WD
EB.09S.H.00306,STPAUL_2017_WD
EB.09S.H.00309,STPAUL_2017_WD
EB.09S.H.00315,STPAUL_2017_WD
EB.09S.H.00316,STPAUL_2017_WD
EB.09S.H.00318,STPAUL_2017_WD
EB.09S.H.00322,STPAUL_2017_WD
EB.09S.H.00324,STPAUL_2017_WD
EB.09S.H.00325,STPAUL_2017_WD
EB.09S.H.00326,STPAUL_2017_WD
EB.09S.H.00328,STPAUL_2017_WD
EB.09S.H.00329,STPAUL_2017_WD
EB.09S.H.00331,STPAUL_2017_WD
EB.09S.H.00334,STPAUL_2017_WD
EB.09S.H.00335,STPAUL_2017_WD
EB.09S.H.00336,STPAUL_2017_WD
EB.09S.H.00340,STPAUL_2017_WD
EB.09S.H.00341,STPAUL_2017_WD
EB.09S.H.00348,STPAUL_2017_WD
EB.09S.H.00352,STPAUL_2017_WD
EB.09S.H.00353,STPAUL_2017_WD
EB.09S.H.00356,STPAUL_2017_WD
EB.09S.H.00357,STPAUL_2017_WD
EB.09S.H.00359,STPAUL_2017_WD
EB.09S.H.00360,STPAUL_2017_WD
EB.09S.H.00362,STPAUL_2017_WD
EB.09S.H.00364,STPAUL_2017_WD
EB.09S.H.00368,STPAUL_2017_WD
EB.09S.H.00372,STPAUL_2017_WD
EB.09S.H.00373,STPAUL_2017_WD
EB.09S.H.00377,STPAUL_2017_WD
EB.09S.H.00378,STPAUL_2017_WD
EB.09S.H.00382,STPAUL_2017_WD
EB.09S.H.00383,STPAUL_2017_WD
EB.09S.H.00384,STPAUL_2017_WD
EB.09S.H.00385,STPAUL_2017_WD
EB.09S.H.00388,STPAUL_2017_WD
EB.09S.H.00389,STPAUL_2017_WD
EB.09S.H.00390,STPAUL_2017_WD
EB.09S.H.00393,STPAUL_2017_WD
EB.09S.H.00394,STPAUL_2017_WD
EB.09S.H.00398,STPAUL_2017_WD
EB.09S.H.00399,STPAUL_2017_WD
EB.09S.H.00402,STPAUL_2017_WD
EB.09S.H.00407,STPAUL_2017_WD
EB.09S.H.00409,STPAUL_2017_WD
EB.09S.H.00410,STPAUL_2017_WD
EB.09S.H.00413,STPAUL_2017_WD
EB.09S.H.00414,STPAUL_2017_WD
EB.09S.H.00416,STPAUL_2017_WD
EB.09S.H.00417,STPAUL_2017_WD
EB.09S.H.00418,STPAUL_2017_WD
EB.09S.H.00419,STPAUL_2017_WD
EB.09S.H.00420,STPAUL_2017_WD
EB.09S.H.00424,STPAUL_2017_WD
EB.09S.H.00426,STPAUL_2017_WD
EB.09S.H.00427,STPAUL_2017_WD
EB.09S.H.00429,STPAUL_2017_WD
EB.09S.H.00433,STPAUL_2017_WD
EB.09S.H.00436,STPAUL_2017_WD
EB.09S.H.00444,STPAUL_2017_WD
EB.09S.H.00445,STPAUL_2017_WD
EB.09S.H.00446,STPAUL_2017_WD
EB.09S.H.00448,STPAUL_2017_WD
EB.09S.H.00451,STPAUL_2017_WD
EB.09S.H.00453,STPAUL_2017_WD
EB.09S.H.00454,STPAUL_2017_WD
EB.09S.H.00455,STPAUL_2017_WD
EB.09S.H.00465,STPAUL_2017_WD
EB.09S.H.00469,STPAUL_2017_WD
EB.09S.H.00471,STPAUL_2017_WD
EB.09S.H.00472,STPAUL_2017_WD
EB.09S.H.00474,STPAUL_2017_WD
EB.09S.H.00476,STPAUL_2017_WD
EB.09S.H.00477,STPAUL_2017_WD
EB.09S.H.00480,STPAUL_2017_WD
EB.09S.H.00481,STPAUL_2017_WD
EB.09S.H.00482,STPAUL_2017_WD
EB.09S.H.00484,STPAUL_2017_WD
EB.09S.H.00485,STPAUL_2017_WD
EB.09S.H.00488,STPAUL_2017_WD
EB.09S.H.00493,STPAUL_2017_WD
EB.09S.H.00494,STPAUL_2017_WD
EB.09S.H.00496,STPAUL_2017_WD
EB.09S.H.00498,STPAUL_2017_WD
EB.09S.H.00500,STPAUL_2017_WD
EB.09S.H.00502,STPAUL_2017_WD
EB.09S.H.00504,STPAUL_2017_WD
EB.09S.H.00506,STPAUL_2017_WD
EB.09S.H.00507,STPAUL_2017_WD
EB.09S.H.00509,STPAUL_2017_WD
EB.09S.H.00512,STPAUL_2017_WD
EB.09S.H.00513,STPAUL_2017_WD
EB.09S.H.00518,STPAUL_2017_WD
EB.09S.H.00519,STPAUL_2017_WD
EB.09S.H.00520,STPAUL_2017_WD
EB.09S.H.00522,STPAUL_2017_WD
EB.09S.H.00523,STPAUL_2017_WD
EB.09S.H.00524,STPAUL_2017_WD
EB.09S.H.00525,STPAUL_2017_WD
EB.09S.H.00530,STPAUL_2017_WD
EB.10H.H.00006,STPAUL_2017_WD
EB.10H.H.00007,STPAUL_2017_WD
EB.10H.H.00018,STPAUL_2017_WD
EB.10H.H.00021,STPAUL_2017_WD
EB.10H.H.00023,STPAUL_2017_WD
EB.10H.H.00025,STPAUL_2017_WD
EB.10H.H.00029,STPAUL_2017_WD
EB.10H.H.00030,STPAUL_2017_WD
EB.10H.H.00031,STPAUL_2017_WD
EB.10H.H.00032,STPAUL_2017_WD
EB.10H.H.00033,STPAUL_2017_WD
EB.10H.H.00036,STPAUL_2017_WD
EB.10H.H.00037,STPAUL_2017_WD
EB.10H.H.00038,STPAUL_2017_WD
EB.10H.H.00040,STPAUL_2017_WD
EB.10H.H.00041,STPAUL_2017_WD
EB.10H.H.00043,STPAUL_2017_WD
EB.10H.H.00045,STPAUL_2017_WD
EB.10H.H.00046,STPAUL_2017_WD
EB.10H.H.00047,STPAUL_2017_WD
EB.10H.H.00050,STPAUL_2017_WD
EB.10H.H.00051,STPAUL_2017_WD
EB.10H.H.00052,STPAUL_2017_WD
EB.10H.H.00053,STPAUL_2017_WD
EB.10H.H.00055,STPAUL_2017_WD
EB.10H.H.00056,STPAUL_2017_WD
EB.10H.H.00058,STPAUL_2017_WD
EB.10H.H.00060,STPAUL_2017_WD
EB.10H.H.00061,STPAUL_2017_WD
EB.10H.H.00062,STPAUL_2017_WD
EB.10H.H.00063,STPAUL_2017_WD
EB.10H.H.00064,STPAUL_2017_WD
EB.10H.H.00067,STPAUL_2017_WD
EB.10H.H.00077,STPAUL_2017_WD
EB.10H.H.00078,STPAUL_2017_WD
EB.10H.H.00079,STPAUL_2017_WD
EB.10H.H.00081,STPAUL_2017_WD
EB.10H.H.00083,STPAUL_2017_WD
EB.10H.H.00085,STPAUL_2017_WD
EB.10H.H.00087,STPAUL_2017_WD
EB.10H.H.00095,STPAUL_2017_WD
EB.10H.H.00096,STPAUL_2017_WD
EB.10H.H.00097,STPAUL_2017_WD
EB.10H.H.00099,STPAUL_2017_WD
EB.10H.H.00106,STPAUL_2017_WD
EB.10H.H.00111,STPAUL_2017_WD
EB.10H.H.00117,STPAUL_2017_WD
EB.10H.H.00122,STPAUL_2017_WD
EB.10H.H.00126,STPAUL_2017_WD
EB.10H.H.00128,STPAUL_2017_WD
EB.10H.H.00131,STPAUL_2017_WD
EB.10H.H.00135,STPAUL_2017_WD
EB.10H.H.00137,STPAUL_2017_WD
EB.10H.H.00139,STPAUL_2017_WD
EB.10H.H.00143,STPAUL_2017_WD
EB.10H.H.00146,STPAUL_2017_WD
EB.10H.H.00148,STPAUL_2017_WD
EB.10H.H.00149,STPAUL_2017_WD
EB.10H.H.00151,STPAUL_2017_WD
EB.09S.H.00079,STPAUL_2017_WD
EB.09S.H.00090,STPAUL_2017_WD
EB.09S.H.00115,STPAUL_2017_WD
EB.09S.H.00134,STPAUL_2017_WD
EB.09S.H.00169,STPAUL_2017_WD
EB.09S.H.00195,STPAUL_2017_WD
EB.09S.H.00208,STPAUL_2017_WD
EB.09S.H.00355,STPAUL_2017_WD
EB.09S.H.00415,STPAUL_2017_WD
EB.09S.H.00442,STPAUL_2017_WD
EB.09S.H.00460,STPAUL_2017_WD
EB.10H.H.00024,STPAUL_2017_WD
EB.10H.H.00028,STPAUL_2017_WD
EB.10H.H.00071,STPAUL_2017_WD
EB.10H.H.00092,STPAUL_2017_WD
EB.10H.H.00144,STPAUL_2017_WD
EB.09S.H.00397,STPAUL_2017_WD
EB.10H.H.00054,STPAUL_2017_WD
EB.09S.H.00003,SZEGED_2017_OPT
EB.09S.H.00004,SZEGED_2017_OPT
EB.09S.H.00005,SZEGED_2017_OPT
EB.09S.H.00007,SZEGED_2017_OPT
EB.09S.H.00008,SZEGED_2017_OPT
EB.09S.H.00009,SZEGED_2017_OPT
EB.09S.H.00015,SZEGED_2017_OPT
EB.09S.H.00016,SZEGED_2017_OPT
EB.09S.H.00017,SZEGED_2017_OPT
EB.09S.H.00019,SZEGED_2017_OPT
EB.09S.H.00027,SZEGED_2017_OPT
EB.09S.H.00030,SZEGED_2017_OPT
EB.09S.H.00039,SZEGED_2017_OPT
EB.09S.H.00040,SZEGED_2017_OPT
EB.09S.H.00041,SZEGED_2017_OPT
EB.09S.H.00043,SZEGED_2017_OPT
EB.09S.H.00044,SZEGED_2017_OPT
EB.09S.H.00046,SZEGED_2017_OPT
EB.09S.H.00048,SZEGED_2017_OPT
EB.09S.H.00049,SZEGED_2017_OPT
EB.09S.H.00052,SZEGED_2017_OPT
EB.09S.H.00054,SZEGED_2017_OPT
EB.09S.H.00061,SZEGED_2017_OPT
EB.09S.H.00064,SZEGED_2017_OPT
EB.09S.H.00065,SZEGED_2017_OPT
EB.09S.H.00071,SZEGED_2017_OPT
EB.09S.H.00072,SZEGED_2017_OPT
EB.09S.H.00073,SZEGED_2017_OPT
EB.09S.H.00074,SZEGED_2017_OPT
EB.09S.H.00076,SZEGED_2017_OPT
EB.09S.H.00080,SZEGED_2017_OPT
EB.09S.H.00081,SZEGED_2017_OPT
EB.09S.H.00082,SZEGED_2017_OPT
EB.09S.H.00083,SZEGED_2017_OPT
EB.09S.H.00084,SZEGED_2017_OPT
EB.09S.H.00086,SZEGED_2017_OPT
EB.09S.H.00087,SZEGED_2017_OPT
EB.09S.H.00091,SZEGED_2017_OPT
EB.09S.H.00093,SZEGED_2017_OPT
EB.09S.H.00094,SZEGED_2017_OPT
EB.09S.H.00097,SZEGED_2017_OPT
EB.09S.H.00098,SZEGED_2017_OPT
EB.09S.H.00100,SZEGED_2017_OPT
EB.09S.H.00101,SZEGED_2017_OPT
EB.09S.H.00106,SZEGED_2017_OPT
EB.09S.H.00107,SZEGED_2017_OPT
EB.09S.H.00108,SZEGED_2017_OPT
EB.09S.H.00111,SZEGED_2017_OPT
EB.09S.H.00112,SZEGED_2017_OPT
EB.09S.H.00114,SZEGED_2017_OPT
EB.09S.H.00116,SZEGED_2017_OPT
EB.09S.H.00118,SZEGED_2017_OPT
EB.09S.H.00122,SZEGED_2017_OPT
EB.09S.H.00130,SZEGED_2017_OPT
EB.09S.H.00132,SZEGED_2017_OPT
EB.09S.H.00133,SZEGED_2017_OPT
EB.09S.H.00135,SZEGED_2017_OPT
EB.09S.H.00136,SZEGED_2017_OPT
EB.09S.H.00140,SZEGED_2017_OPT
EB.09S.H.00142,SZEGED_2017_OPT
EB.09S.H.00144,SZEGED_2017_OPT
EB.09S.H.00145,SZEGED_2017_OPT
EB.09S.H.00149,SZEGED_2017_OPT
EB.09S.H.00155,SZEGED_2017_OPT
EB.09S.H.00157,SZEGED_2017_OPT
EB.09S.H.00160,SZEGED_2017_OPT
EB.09S.H.00161,SZEGED_2017_OPT
EB.09S.H.00165,SZEGED_2017_OPT
EB.09S.H.00168,SZEGED_2017_OPT
EB.09S.H.00171,SZEGED_2017_OPT
EB.09S.H.00172,SZEGED_2017_OPT
EB.09S.H.00175,SZEGED_2017_OPT
EB.09S.H.00178,SZEGED_2017_OPT
EB.09S.H.00179,SZEGED_2017_OPT
EB.09S.H.00183,SZEGED_2017_OPT
EB.09S.H.00185,SZEGED_2017_OPT
EB.09S.H.00188,SZEGED_2017_OPT
EB.09S.H.00191,SZEGED_2017_OPT
EB.09S.H.00192,SZEGED_2017_OPT
EB.09S.H.00193,SZEGED_2017_OPT
EB.09S.H.00194,SZEGED_2017_OPT
EB.09S.H.00198,SZEGED_2017_OPT
EB.09S.H.00199,SZEGED_2017_OPT
EB.09S.H.00201,SZEGED_2017_OPT
EB.09S.H.00204,SZEGED_2017_OPT
EB.09S.H.00205,SZEGED_2017_OPT
EB.09S.H.00209,SZEGED_2017_OPT
EB.09S.H.00223,SZEGED_2017_OPT
EB.09S.H.00224,SZEGED_2017_OPT
EB.09S.H.00225,SZEGED_2017_OPT
EB.09S.H.00226,SZEGED_2017_OPT
EB.09S.H.00232,SZEGED_2017_OPT
EB.09S.H.00235,SZEGED_2017_OPT
EB.09S.H.00238,SZEGED_2017_OPT
EB.09S.H.00240,SZEGED_2017_OPT
EB.09S.H.00242,SZEGED_2017_OPT
EB.09S.H.00243,SZEGED_2017_OPT
EB.09S.H.00245,SZEGED_2017_OPT
EB.09S.H.00246,SZEGED_2017_OPT
EB.09S.H.00250,SZEGED_2017_OPT
EB.09S.H.00251,SZEGED_2017_OPT
EB.09S.H.00253,SZEGED_2017_OPT
EB.09S.H.00254,SZEGED_2017_OPT
EB.09S.H.00257,SZEGED_2017_OPT
EB.09S.H.00263,SZEGED_2017_OPT
EB.09S.H.00264,SZEGED_2017_OPT
EB.09S.H.00265,SZEGED_2017_OPT
EB.09S.H.00266,SZEGED_2017_OPT
EB.09S.H.00267,SZEGED_2017_OPT
EB.09S.H.00273,SZEGED_2017_OPT
EB.09S.H.00277,SZEGED_2017_OPT
EB.09S.H.00278,SZEGED_2017_OPT
EB.09S.H.00283,SZEGED_2017_OPT
EB.09S.H.00287,SZEGED_2017_OPT
EB.09S.H.00290,SZEGED_2017_OPT
EB.09S.H.00291,SZEGED_2017_OPT
EB.09S.H.00292,SZEGED_2017_OPT
EB.09S.H.00294,SZEGED_2017_OPT
EB.09S.H.00297,SZEGED_2017_OPT
EB.09S.H.00300,SZEGED_2017_OPT
EB.09S.H.00306,SZEGED_2017_OPT
EB.09S.H.00309,SZEGED_2017_OPT
EB.09S.H.00315,SZEGED_2017_OPT
EB.09S.H.00316,SZEGED_2017_OPT
EB.09S.H.00318,SZEGED_2017_OPT
EB.09S.H.00322,SZEGED_2017_OPT
EB.09S.H.00324,SZEGED_2017_OPT
EB.09S.H.00325,SZEGED_2017_OPT
EB.09S.H.00326,SZEGED_2017_OPT
EB.09S.H.00328,SZEGED_2017_OPT
EB.09S.H.00329,SZEGED_2017_OPT
EB.09S.H.00331,SZEGED_2017_OPT
EB.09S.H.00334,SZEGED_2017_OPT
EB.09S.H.00335,SZEGED_2017_OPT
EB.09S.H.00336,SZEGED_2017_OPT
EB.09S.H.00340,SZEGED_2017_OPT
EB.09S.H.00341,SZEGED_2017_OPT
EB.09S.H.00348,SZEGED_2017_OPT
EB.09S.H.00352,SZEGED_2017_OPT
EB.09S.H.00353,SZEGED_2017_OPT
EB.09S.H.00356,SZEGED_2017_OPT
EB.09S.H.00357,SZEGED_2017_OPT
EB.09S.H.00359,SZEGED_2017_OPT
EB.09S.H.00360,SZEGED_2017_OPT
EB.09S.H.00362,SZEGED_2017_OPT
EB.09S.H.00364,SZEGED_2017_OPT
EB.09S.H.00368,SZEGED_2017_OPT
EB.09S.H.00372,SZEGED_2017_OPT
EB.09S.H.00373,SZEGED_2017_OPT
EB.09S.H.00377,SZEGED_2017_OPT
EB.09S.H.00378,SZEGED_2017_OPT
EB.09S.H.00382,SZEGED_2017_OPT
EB.09S.H.00383,SZEGED_2017_OPT
EB.09S.H.00384,SZEGED_2017_OPT
EB.09S.H.00385,SZEGED_2017_OPT
EB.09S.H.00388,SZEGED_2017_OPT
EB.09S.H.00389,SZEGED_2017_OPT
EB.09S.H.00390,SZEGED_2017_OPT
EB.09S.H.00393,SZEGED_2017_OPT
EB.09S.H.00394,SZEGED_2017_OPT
EB.09S.H.00398,SZEGED_2017_OPT
EB.09S.H.00399,SZEGED_2017_OPT
EB.09S.H.00402,SZEGED_2017_OPT
EB.09S.H.00404,SZEGED_2017_OPT
EB.09S.H.00407,SZEGED_2017_OPT
EB.09S.H.00409,SZEGED_2017_OPT
EB.09S.H.00410,SZEGED_2017_OPT
EB.09S.H.00413,SZEGED_2017_OPT
EB.09S.H.00414,SZEGED_2017_OPT
EB.09S.H.00416,SZEGED_2017_OPT
EB.09S.H.00417,SZEGED_2017_OPT
EB.09S.H.00418,SZEGED_2017_OPT
EB.09S.H.00419,SZEGED_2017_OPT
EB.09S.H.00420,SZEGED_2017_OPT
EB.09S.H.00421,SZEGED_2017_OPT
EB.09S.H.00424,SZEGED_2017_OPT
EB.09S.H.00425,SZEGED_2017_OPT
EB.09S.H.00426,SZEGED_2017_OPT
EB.09S.H.00427,SZEGED_2017_OPT
EB.09S.H.00429,SZEGED_2017_OPT
EB.09S.H.00433,SZEGED_2017_OPT
EB.09S.H.00436,SZEGED_2017_OPT
EB.09S.H.00439,SZEGED_2017_OPT
EB.09S.H.00444,SZEGED_2017_OPT
EB.09S.H.00445,SZEGED_2017_OPT
EB.09S.H.00446,SZEGED_2017_OPT
EB.09S.H.00448,SZEGED_2017_OPT
EB.09S.H.00451,SZEGED_2017_OPT
EB.09S.H.00453,SZEGED_2017_OPT
EB.09S.H.00454,SZEGED_2017_OPT
EB.09S.H.00455,SZEGED_2017_OPT
EB.09S.H.00457,SZEGED_2017_OPT
EB.09S.H.00465,SZEGED_2017_OPT
EB.09S.H.00469,SZEGED_2017_OPT
EB.09S.H.00471,SZEGED_2017_OPT
EB.09S.H.00472,SZEGED_2017_OPT
EB.09S.H.00474,SZEGED_2017_OPT
EB.09S.H.00476,SZEGED_2017_OPT
EB.09S.H.00477,SZEGED_2017_OPT
EB.09S.H.00480,SZEGED_2017_OPT
EB.09S.H.00481,SZEGED_2017_OPT
EB.09S.H.00482,SZEGED_2017_OPT
EB.09S.H.00484,SZEGED_2017_OPT
EB.09S.H.00485,SZEGED_2017_OPT
EB.09S.H.00488,SZEGED_2017_OPT
EB.09S.H.00493,SZEGED_2017_OPT
EB.09S.H.00494,SZEGED_2017_OPT
EB.09S.H.00496,SZEGED_2017_OPT
EB.09S.H.00498,SZEGED_2017_OPT
EB.09S.H.00500,SZEGED_2017_OPT
EB.09S.H.00502,SZEGED_2017_OPT
EB.09S.H.00504,SZEGED_2017_OPT
EB.09S.H.00506,SZEGED_2017_OPT
EB.09S.H.00507,SZEGED_2017_OPT
EB.09S.H.00509,SZEGED_2017_OPT
EB.09S.H.00512,SZEGED_2017_OPT
EB.09S.H.00513,SZEGED_2017_OPT
EB.09S.H.00518,SZEGED_2017_OPT
EB.09S.H.00519,SZEGED_2017_OPT
EB.09S.H.00520,SZEGED_2017_OPT
EB.09S.H.00522,SZEGED_2017_OPT
EB.09S.H.00523,SZEGED_2017_OPT
EB.09S.H.00524,SZEGED_2017_OPT
EB.09S.H.00525,SZEGED_2017_OPT
EB.09S.H.00530,SZEGED_2017_OPT
EB.10H.H.00005,SZEGED_2017_OPT
EB.10H.H.00006,SZEGED_2017_OPT
EB.10H.H.00007,SZEGED_2017_OPT
EB.10H.H.00018,SZEGED_2017_OPT
EB.10H.H.00021,SZEGED_2017_OPT
EB.10H.H.00023,SZEGED_2017_OPT
EB.10H.H.00025,SZEGED_2017_OPT
EB.10H.H.00029,SZEGED_2017_OPT
EB.10H.H.00030,SZEGED_2017_OPT
EB.10H.H.00031,SZEGED_2017_OPT
EB.10H.H.00032,SZEGED_2017_OPT
EB.10H.H.00033,SZEGED_2017_OPT
EB.10H.H.00036,SZEGED_2017_OPT
EB.10H.H.00037,SZEGED_2017_OPT
EB.10H.H.00038,SZEGED_2017_OPT
EB.10H.H.00040,SZEGED_2017_OPT
EB.10H.H.00041,SZEGED_2017_OPT
EB.10H.H.00043,SZEGED_2017_OPT
EB.10H.H.00045,SZEGED_2017_OPT
EB.10H.H.00046,SZEGED_2017_OPT
EB.10H.H.00047,SZEGED_2017_OPT
EB.10H.H.00050,SZEGED_2017_OPT
EB.10H.H.00051,SZEGED_2017_OPT
EB.10H.H.00052,SZEGED_2017_OPT
EB.10H.H.00053,SZEGED_2017_OPT
EB.10H.H.00055,SZEGED_2017_OPT
EB.10H.H.00056,SZEGED_2017_OPT
EB.10H.H.00058,SZEGED_2017_OPT
EB.10H.H.00060,SZEGED_2017_OPT
EB.10H.H.00061,SZEGED_2017_OPT
EB.10H.H.00062,SZEGED_2017_OPT
EB.10H.H.00063,SZEGED_2017_OPT
EB.10H.H.00064,SZEGED_2017_OPT
EB.10H.H.00067,SZEGED_2017_OPT
EB.10H.H.00074,SZEGED_2017_OPT
EB.10H.H.00077,SZEGED_2017_OPT
EB.10H.H.00078,SZEGED_2017_OPT
EB.10H.H.00079,SZEGED_2017_OPT
EB.10H.H.00081,SZEGED_2017_OPT
EB.10H.H.00083,SZEGED_2017_OPT
EB.10H.H.00085,SZEGED_2017_OPT
EB.10H.H.00087,SZEGED_2017_OPT
EB.10H.H.00095,SZEGED_2017_OPT
EB.10H.H.00096,SZEGED_2017_OPT
EB.10H.H.00097,SZEGED_2017_OPT
EB.10H.H.00098,SZEGED_2017_OPT
EB.10H.H.00099,SZEGED_2017_OPT
EB.10H.H.00106,SZEGED_2017_OPT
EB.10H.H.00111,SZEGED_2017_OPT
EB.10H.H.00117,SZEGED_2017_OPT
EB.10H.H.00122,SZEGED_2017_OPT
EB.10H.H.00126,SZEGED_2017_OPT
EB.10H.H.00128,SZEGED_2017_OPT
EB.10H.H.00131,SZEGED_2017_OPT
EB.10H.H.00135,SZEGED_2017_OPT
EB.10H.H.00137,SZEGED_2017_OPT
EB.10H.H.00139,SZEGED_2017_OPT
EB.10H.H.00143,SZEGED_2017_OPT
EB.10H.H.00146,SZEGED_2017_OPT
EB.10H.H.00148,SZEGED_2017_OPT
EB.10H.H.00149,SZEGED_2017_OPT
EB.10H.H.00151,SZEGED_2017_OPT
EB.09S.H.00079,SZEGED_2017_OPT
EB.09S.H.00090,SZEGED_2017_OPT
EB.09S.H.00115,SZEGED_2017_OPT
EB.09S.H.00134,SZEGED_2017_OPT
EB.09S.H.00169,SZEGED_2017_OPT
EB.09S.H.00195,SZEGED_2017_OPT
EB.09S.H.00208,SZEGED_2017_OPT
EB.09S.H.00355,SZEGED_2017_OPT
EB.09S.H.00415,SZEGED_2017_OPT
EB.09S.H.00442,SZEGED_2017_OPT
EB.09S.H.00460,SZEGED_2017_OPT
EB.10H.H.00024,SZEGED_2017_OPT
EB.10H.H.00028,SZEGED_2017_OPT
EB.10H.H.00071,SZEGED_2017_OPT
EB.10H.H.00092,SZEGED_2017_OPT
EB.10H.H.00144,SZEGED_2017_OPT
EB.09S.H.00397,SZEGED_2017_OPT
EB.10H.H.00054,SZEGED_2017_OPT
EB.09S.H.00376,SZEGED_2017_OPT
